"Date","Price","Open","High","Low","Change %"
"12/29/2023","97.15","97.15","97.15","97.15","-0.10%"
"12/28/2023","97.25","97.25","97.25","97.25","-0.48%"
"12/27/2023","97.72","97.72","97.72","97.72","0.74%"
"12/26/2023","97.00","97.00","97.00","97.00","-0.08%"
"12/22/2023","97.08","97.08","97.08","97.08","-0.09%"
"12/21/2023","97.16","97.16","97.16","97.16","-0.34%"
"12/20/2023","97.49","97.49","97.49","97.49","0.69%"
"12/19/2023","96.83","96.83","96.83","96.83","-0.06%"
"12/18/2023","96.89","96.89","96.89","96.89","-0.27%"
"12/15/2023","97.15","97.15","97.15","97.15","-0.02%"
"12/14/2023","97.16","97.16","97.16","97.16","1.35%"
"12/13/2023","95.87","95.87","95.87","95.87","1.84%"
"12/12/2023","94.13","94.13","94.13","94.13","-0.12%"
"12/11/2023","94.24","94.24","94.24","94.24","-0.25%"
"12/08/2023","94.48","94.48","94.48","94.48","-0.12%"
"12/07/2023","94.59","94.59","94.59","94.59","-0.28%"
"12/06/2023","94.85","94.85","94.85","94.85","0.15%"
"12/05/2023","94.71","94.71","94.71","94.71","0.69%"
"12/04/2023","94.06","94.06","94.06","94.06","-0.56%"
"12/01/2023","94.59","94.59","94.59","94.59","0.91%"
"11/30/2023","93.74","93.74","93.74","93.74","-0.37%"
"11/29/2023","94.09","94.09","94.09","94.09","0.47%"
"11/28/2023","93.65","93.65","93.65","93.65","0.66%"
"11/27/2023","93.03","93.03","93.03","93.03","0.29%"
"11/24/2023","92.76","92.76","92.76","92.76","-0.56%"
"11/22/2023","93.28","93.28","93.28","93.28","0.03%"
"11/21/2023","93.25","93.25","93.25","93.25","-0.23%"
"11/20/2023","93.46","93.46","93.46","93.46","0.34%"
"11/17/2023","93.14","93.14","93.14","93.14","-0.01%"
"11/16/2023","93.15","93.15","93.15","93.15","0.67%"
"11/15/2023","92.53","92.53","92.53","92.53","-0.55%"
"11/14/2023","93.05","93.05","93.05","93.05","1.33%"
"11/13/2023","91.83","91.83","91.83","91.83","-0.02%"
"11/10/2023","91.84","91.84","91.84","91.84","-0.29%"
"11/09/2023","92.11","92.11","92.11","92.11","-1.35%"
"11/08/2023","93.37","93.37","93.37","93.37","0.39%"
"11/07/2023","93.00","93.00","93.00","93.00","0.49%"
"11/06/2023","92.55","92.55","92.55","92.55","-0.45%"
"11/03/2023","92.97","92.97","92.97","92.97","0.83%"
"11/02/2023","92.20","92.20","92.20","92.20","0.40%"
"11/01/2023","91.84","91.84","91.84","91.84","1.76%"
"10/31/2023","90.25","90.25","90.25","90.25","-0.53%"
"10/30/2023","90.73","90.73","90.73","90.73","-0.27%"
"10/27/2023","90.98","90.98","90.98","90.98","0.04%"
"10/26/2023","90.94","90.94","90.94","90.94","0.90%"
"10/25/2023","90.13","90.13","90.13","90.13","-0.90%"
"10/24/2023","90.95","90.95","90.95","90.95","0.15%"
"10/23/2023","90.81","90.81","90.81","90.81","0.07%"
"10/20/2023","90.75","90.75","90.75","90.75","0.50%"
"10/19/2023","90.30","90.30","90.30","90.30","-0.23%"
"10/18/2023","90.51","90.51","90.51","90.51","-0.47%"
"10/17/2023","90.94","90.94","90.94","90.94","-0.97%"
"10/16/2023","91.83","91.83","91.83","91.83","-0.31%"
"10/13/2023","92.12","92.12","92.12","92.12","0.67%"
"10/12/2023","91.50","91.50","91.50","91.50","-0.96%"
"10/11/2023","92.39","92.39","92.39","92.39","0.80%"
"10/10/2023","91.66","91.66","91.66","91.66","1.30%"
"10/06/2023","90.48","90.48","90.48","90.48","-0.53%"
"10/05/2023","90.96","90.96","90.96","90.96","-0.14%"
"10/04/2023","91.09","91.09","91.09","91.09","0.33%"
"10/03/2023","90.79","90.79","90.79","90.79","-0.91%"
"10/02/2023","91.63","91.63","91.63","91.63","-0.83%"
"09/29/2023","92.39","92.39","92.39","92.39","-0.35%"
"09/28/2023","92.72","92.72","92.72","92.72","0.53%"
"09/27/2023","92.23","92.23","92.23","92.23","-0.25%"
"09/26/2023","92.45","92.45","92.45","92.45","-0.56%"
"09/25/2023","92.98","92.98","92.98","92.98","-0.97%"
"09/22/2023","93.89","93.89","93.89","93.89","0.50%"
"09/21/2023","93.42","93.42","93.42","93.42","-0.68%"
"09/20/2023","94.06","94.06","94.06","94.06","-0.47%"
"09/19/2023","94.51","94.51","94.51","94.51","-0.46%"
"09/18/2023","94.95","94.95","94.95","94.95","0.44%"
"09/15/2023","94.53","94.53","94.53","94.53","-0.40%"
"09/14/2023","94.91","94.91","94.91","94.91","-0.17%"
"09/13/2023","95.07","95.07","95.07","95.07","0.14%"
"09/12/2023","94.94","94.94","94.94","94.94","0.10%"
"09/11/2023","94.84","94.84","94.84","94.84","-0.25%"
"09/08/2023","95.09","95.09","95.09","95.09","0.13%"
"09/07/2023","94.96","94.96","94.96","94.96","0.50%"
"09/06/2023","94.49","94.49","94.49","94.49","-0.23%"
"09/05/2023","94.71","94.71","94.71","94.71","-0.38%"
"09/01/2023","95.07","95.07","95.07","95.07","-0.47%"
"08/31/2023","95.52","95.52","95.52","95.52","-0.19%"
"08/30/2023","95.70","95.70","95.70","95.70","-0.13%"
"08/29/2023","95.83","95.83","95.83","95.83","0.62%"
"08/28/2023","95.23","95.23","95.23","95.23","0.06%"
"08/25/2023","95.18","95.18","95.18","95.18","0.00%"
"08/24/2023","95.18","95.18","95.18","95.18","-0.54%"
"08/23/2023","95.70","95.70","95.70","95.70","1.18%"
"08/22/2023","94.58","94.58","94.58","94.58","0.10%"
"08/21/2023","94.48","94.48","94.48","94.48","-0.43%"
"08/18/2023","94.89","94.89","94.89","94.89","0.14%"
"08/17/2023","94.76","94.76","94.76","94.76","-0.12%"
"08/16/2023","94.88","94.88","94.88","94.88","-0.48%"
"08/15/2023","95.33","95.33","95.33","95.33","-0.38%"
"08/14/2023","95.70","95.70","95.70","95.70","-0.60%"
"08/11/2023","96.27","96.27","96.27","96.27","-0.19%"
"08/10/2023","96.46","96.46","96.46","96.46","-0.78%"
"08/09/2023","97.22","97.22","97.22","97.22","-0.06%"
"08/08/2023","97.28","97.28","97.28","97.28","0.10%"
"08/07/2023","97.18","97.18","97.18","97.18","-0.13%"
"08/04/2023","97.30","97.30","97.30","97.30","1.32%"
"08/03/2023","96.04","96.04","96.04","96.04","-0.76%"
"08/02/2023","96.77","96.77","96.77","96.77","-0.39%"
"08/01/2023","97.16","97.16","97.16","97.16","-0.79%"
"07/31/2023","97.93","97.93","97.93","97.93","-0.28%"
"07/28/2023","98.20","98.20","98.20","98.20","0.52%"
"07/27/2023","97.70","97.70","97.70","97.70","-1.07%"
"07/26/2023","98.75","98.75","98.75","98.75","0.01%"
"07/25/2023","98.74","98.74","98.74","98.74","-0.25%"
"07/24/2023","98.99","98.99","98.99","98.99","0.08%"
"07/21/2023","98.91","98.91","98.91","98.91","2.81%"
"07/20/2023","96.21","96.21","96.21","96.21","-0.18%"
"07/19/2023","96.38","96.38","96.38","96.38","0.33%"
"07/18/2023","96.06","96.06","96.06","96.06","-0.07%"
"07/17/2023","96.13","96.13","96.13","96.13","0.36%"
"07/14/2023","95.79","95.79","95.79","95.79","-0.60%"
"07/13/2023","96.37","96.37","96.37","96.37","0.57%"
"07/12/2023","95.82","95.82","95.82","95.82","1.43%"
"07/11/2023","94.47","94.47","94.47","94.47","-0.02%"
"07/10/2023","94.48","94.48","94.48","94.48","0.48%"
"07/07/2023","94.03","94.03","94.03","94.03","-0.29%"
"07/06/2023","94.30","94.30","94.30","94.30","-0.72%"
"07/05/2023","94.99","94.99","94.99","94.99","-0.73%"
"07/03/2023","95.70","95.70","95.70","95.70","0.10%"
"06/30/2023","95.60","95.60","95.60","95.60","0.20%"
"06/29/2023","95.41","95.41","95.41","95.41","-0.92%"
"06/28/2023","96.30","96.30","96.30","96.30","0.46%"
"06/27/2023","95.86","95.86","95.86","95.86","-0.49%"
"06/26/2023","96.34","96.34","96.34","96.34","0.00%"
"06/23/2023","96.34","96.34","96.34","96.34","0.34%"
"06/22/2023","96.01","96.01","96.01","96.01","-0.48%"
"06/21/2023","96.47","96.47","96.47","96.47","-0.15%"
"06/20/2023","96.62","96.62","96.62","96.62","0.41%"
"06/16/2023","96.23","96.23","96.23","96.23","-0.39%"
"06/15/2023","96.60","96.60","96.60","96.60","0.76%"
"06/14/2023","95.88","95.88","95.88","95.88","0.37%"
"06/13/2023","95.52","95.52","95.52","95.52","-0.59%"
"06/12/2023","96.09","96.09","96.09","96.09","-0.12%"
"06/09/2023","96.20","96.20","96.20","96.20","-0.27%"
"06/08/2023","96.46","96.46","96.46","96.46","0.60%"
"06/07/2023","95.88","95.88","95.88","95.88","-0.92%"
"06/06/2023","96.77","96.77","96.77","96.77","0.11%"
"06/05/2023","96.67","96.67","96.67","96.67","0.22%"
"06/02/2023","96.46","96.46","96.46","96.46","-0.72%"
"06/01/2023","97.16","97.16","97.16","97.16","0.38%"
"05/31/2023","96.80","96.80","96.80","96.80","0.09%"
"05/30/2023","96.71","96.71","96.71","96.71","0.71%"
"05/26/2023","96.03","96.03","96.03","96.03","0.07%"
"05/25/2023","95.97","95.97","95.97","95.97","-0.74%"
"05/24/2023","96.68","96.68","96.68","96.68","-0.59%"
"05/23/2023","97.26","97.26","97.26","97.26","0.48%"
"05/22/2023","96.79","96.79","96.79","96.79","-0.35%"
"05/19/2023","97.13","97.13","97.13","97.13","-0.22%"
"05/18/2023","97.34","97.34","97.34","97.34","-0.57%"
"05/17/2023","97.89","97.89","97.89","97.89","-0.14%"
"05/16/2023","98.02","98.02","98.02","98.02","-0.31%"
"05/15/2023","98.33","98.33","98.33","98.33","-0.25%"
"05/12/2023","98.58","98.58","98.58","98.58","-0.54%"
"05/11/2023","99.12","99.12","99.12","99.12","0.32%"
"05/10/2023","98.80","98.80","98.80","98.80","0.33%"
"05/09/2023","98.48","98.48","98.48","98.48","-0.17%"
"05/08/2023","98.65","98.65","98.65","98.65","-0.44%"
"05/05/2023","99.09","99.09","99.09","99.09","-0.29%"
"05/04/2023","99.38","99.38","99.38","99.38","-0.13%"
"05/03/2023","99.51","99.51","99.51","99.51","0.56%"
"05/02/2023","98.95","98.95","98.95","98.95","0.82%"
"05/01/2023","98.15","98.15","98.15","98.15","-0.91%"
"04/28/2023","99.05","99.05","99.05","99.05","0.36%"
"04/27/2023","98.70","98.70","98.70","98.70","-0.81%"
"04/26/2023","99.50","99.50","99.50","99.50","-0.27%"
"04/25/2023","99.77","99.77","99.77","99.77","0.64%"
"04/24/2023","99.14","99.14","99.14","99.14","0.62%"
"04/21/2023","98.53","98.53","98.53","98.53","-0.17%"
"04/20/2023","98.70","98.70","98.70","98.70","0.36%"
"04/19/2023","98.35","98.35","98.35","98.35","-0.13%"
"04/18/2023","98.48","98.48","98.48","98.48","0.08%"
"04/17/2023","98.41","98.41","98.41","98.41","-0.76%"
"04/14/2023","99.16","99.16","99.16","99.16","-0.49%"
"04/13/2023","99.65","99.65","99.65","99.65","-0.34%"
"04/12/2023","99.98","99.98","99.98","99.98","0.16%"
"04/11/2023","99.83","99.83","99.83","99.83","0.01%"
"04/10/2023","99.82","99.82","99.82","99.82","0.25%"
"04/07/2023","99.57","99.57","99.57","99.57","-1.03%"
"04/06/2023","100.60","100.60","100.60","100.60","0.15%"
"04/05/2023","100.45","100.45","100.45","100.45","0.11%"
"04/04/2023","100.34","100.34","100.34","100.34","0.32%"
"04/03/2023","100.02","100.02","100.02","100.02","0.31%"
"03/31/2023","99.72","99.72","99.72","99.72","0.61%"
"03/30/2023","99.11","99.11","99.11","99.11","0.14%"
"03/29/2023","98.97","98.97","98.97","98.97","0.36%"
"03/28/2023","98.62","98.62","98.62","98.62","0.13%"
"03/27/2023","98.48","98.48","98.48","98.48","-1.06%"
"03/24/2023","99.54","99.54","99.54","99.54","-0.03%"
"03/23/2023","99.57","99.57","99.57","99.57","0.37%"
"03/22/2023","99.20","99.20","99.20","99.20","1.50%"
"03/21/2023","97.73","97.73","97.73","97.73","-0.33%"
"03/20/2023","98.06","98.06","98.06","98.06","0.12%"
"03/17/2023","97.95","97.95","97.95","97.95","0.14%"
"03/16/2023","97.81","97.81","97.81","97.81","-1.59%"
"03/15/2023","99.39","99.39","99.39","99.39","1.92%"
"03/14/2023","97.52","97.52","97.52","97.52","-0.87%"
"03/13/2023","98.37","98.37","98.37","98.37","1.13%"
"03/10/2023","97.27","97.27","97.27","97.27","1.79%"
"03/09/2023","95.55","95.55","95.55","95.55","0.50%"
"03/08/2023","95.08","95.08","95.08","95.08","-0.78%"
"03/07/2023","95.83","95.83","95.83","95.83","-0.93%"
"03/06/2023","96.73","96.73","96.73","96.73","-0.31%"
"03/03/2023","97.03","97.03","97.03","97.03","1.25%"
"03/02/2023","95.84","95.84","95.84","95.84","-0.15%"
"03/01/2023","95.98","95.98","95.98","95.98","-0.05%"
"02/28/2023","96.03","96.03","96.03","96.03","-0.04%"
"02/27/2023","96.07","96.07","96.07","96.07","0.21%"
"02/24/2023","95.87","95.87","95.87","95.87","-0.77%"
"02/23/2023","96.61","96.61","96.61","96.61","0.29%"
"02/22/2023","96.33","96.33","96.33","96.33","0.06%"
"02/21/2023","96.27","96.27","96.27","96.27","-0.72%"
"02/17/2023","96.96","96.96","96.96","96.96","0.33%"
"02/16/2023","96.64","96.64","96.64","96.64","-0.28%"
"02/15/2023","96.91","96.91","96.91","96.91","-0.14%"
"02/14/2023","97.05","97.05","97.05","97.05","-0.50%"
"02/13/2023","97.54","97.54","97.54","97.54","0.20%"
"02/10/2023","97.34","97.34","97.34","97.34","-0.71%"
"02/09/2023","98.04","98.04","98.04","98.04","-0.69%"
"02/08/2023","98.72","98.72","98.72","98.72","0.94%"
"02/07/2023","97.80","97.80","97.80","97.80","0.18%"
"02/06/2023","97.62","97.62","97.62","97.62","-0.83%"
"02/03/2023","98.44","98.44","98.44","98.44","-1.20%"
"02/02/2023","99.63","99.63","99.63","99.63","-0.04%"
"02/01/2023","99.67","99.67","99.67","99.67","1.03%"
"01/31/2023","98.66","98.66","98.66","98.66","-0.09%"
"01/30/2023","98.75","98.75","98.75","98.75","-0.61%"
"01/27/2023","99.35","99.35","99.35","99.35","-0.19%"
"01/26/2023","99.54","99.54","99.54","99.54","-0.15%"
"01/25/2023","99.69","99.69","99.69","99.69","0.16%"
"01/24/2023","99.53","99.53","99.53","99.53","0.79%"
"01/23/2023","98.75","98.75","98.75","98.75","-0.13%"
"01/20/2023","98.88","98.88","98.88","98.88","3.90%"
"01/19/2023","95.16","95.16","95.16","95.16","0.79%"
"01/18/2023","94.41","94.41","94.41","94.41","1.23%"
"01/17/2023","93.27","93.27","93.27","93.27","-0.69%"
"01/13/2023","93.91","93.91","93.91","93.91","-0.64%"
"01/12/2023","94.52","94.52","94.52","94.52","0.75%"
"01/11/2023","93.81","93.81","93.81","93.81","0.63%"
"01/10/2023","93.23","93.23","93.23","93.23","-0.69%"
"01/09/2023","93.88","93.88","93.88","93.88","0.37%"
"01/06/2023","93.53","93.53","93.53","93.53","1.39%"
"01/05/2023","92.25","92.25","92.25","92.25","-0.10%"
"01/04/2023","92.34","92.34","92.34","92.34","0.13%"
"01/03/2023","92.23","92.23","92.23","92.23","0.75%"
"12/30/2022","91.54","91.54","91.54","91.54","-0.37%"
"12/29/2022","91.88","91.88","91.88","91.88","0.65%"
"12/28/2022","91.28","91.28","91.28","91.28","-0.23%"
"12/27/2022","91.49","91.49","91.49","91.49","-0.35%"
"12/23/2022","91.81","91.81","91.81","91.81","-0.50%"
"12/22/2022","92.27","92.27","92.27","92.27","-0.93%"
"12/21/2022","93.14","93.14","93.14","93.14","0.55%"
"12/20/2022","92.63","92.63","92.63","92.63","-0.16%"
"12/19/2022","92.78","92.78","92.78","92.78","-0.65%"
"12/16/2022","93.39","93.39","93.39","93.39","-0.64%"
"12/15/2022","93.99","93.99","93.99","93.99","0.03%"
"12/14/2022","93.96","93.96","93.96","93.96","-0.33%"
"12/13/2022","94.27","94.27","94.27","94.27","0.77%"
"12/12/2022","93.55","93.55","93.55","93.55","-0.20%"
"12/09/2022","93.74","93.74","93.74","93.74","-1.14%"
"12/08/2022","94.82","94.82","94.82","94.82","-0.30%"
"12/07/2022","95.10","95.10","95.10","95.10","0.41%"
"12/06/2022","94.71","94.71","94.71","94.71","-0.20%"
"12/05/2022","94.90","94.90","94.90","94.90","-1.16%"
"12/02/2022","96.01","96.01","96.01","96.01","0.75%"
"12/01/2022","95.29","95.29","95.29","95.29","0.99%"
"11/30/2022","94.35","94.35","94.35","94.35","2.29%"
"11/29/2022","92.24","92.24","92.24","92.24","-0.67%"
"11/28/2022","92.87","92.87","92.87","92.87","-0.42%"
"11/25/2022","93.26","93.26","93.26","93.26","-0.05%"
"11/23/2022","93.30","93.30","93.30","93.30","0.75%"
"11/22/2022","92.61","92.61","92.61","92.61","0.61%"
"11/21/2022","92.05","92.05","92.05","92.05","0.61%"
"11/18/2022","91.49","91.49","91.49","91.49","-0.80%"
"11/17/2022","92.23","92.23","92.23","92.23","-0.98%"
"11/16/2022","93.14","93.14","93.14","93.14","0.57%"
"11/15/2022","92.62","92.62","92.62","92.62","0.58%"
"11/14/2022","92.09","92.09","92.09","92.09","-0.87%"
"11/10/2022","92.89","92.89","92.89","92.89","2.39%"
"11/09/2022","90.73","90.73","90.73","90.73","-0.27%"
"11/08/2022","90.98","90.98","90.98","90.98","0.52%"
"11/07/2022","90.51","90.51","90.51","90.51","-0.03%"
"11/04/2022","90.53","90.53","90.53","90.53","0.62%"
"11/03/2022","89.98","89.98","89.98","89.98","-1.37%"
"11/02/2022","91.23","91.23","91.23","91.23","-0.58%"
"11/01/2022","91.76","91.76","91.76","91.76","0.03%"
"10/31/2022","91.73","91.73","91.73","91.73","-0.25%"
"10/28/2022","91.95","91.95","91.95","91.95","-0.28%"
"10/27/2022","92.21","92.21","92.21","92.21","0.91%"
"10/26/2022","91.38","91.38","91.38","91.38","0.14%"
"10/25/2022","91.25","91.25","91.25","91.25","0.72%"
"10/24/2022","90.60","90.60","90.60","90.60","0.09%"
"10/21/2022","90.52","90.52","90.52","90.52","0.54%"
"10/20/2022","90.03","90.03","90.03","90.03","-0.35%"
"10/19/2022","90.34","90.34","90.34","90.34","-0.93%"
"10/18/2022","91.19","91.19","91.19","91.19","-0.48%"
"10/17/2022","91.63","91.63","91.63","91.63","0.63%"
"10/14/2022","91.05","91.05","91.05","91.05","-0.09%"
"10/13/2022","91.13","91.13","91.13","91.13","0.03%"
"10/12/2022","91.09","91.09","91.09","91.09","0.17%"
"10/11/2022","90.94","90.94","90.94","90.94","-0.11%"
"10/10/2022","91.04","91.04","91.04","91.04","-0.01%"
"10/07/2022","91.05","91.05","91.05","91.05","0.03%"
"10/06/2022","91.02","91.02","91.02","91.02","-0.66%"
"10/05/2022","91.63","91.63","91.63","91.63","-1.40%"
"10/04/2022","92.92","92.92","92.92","92.92","0.52%"
"10/03/2022","92.44","92.44","92.44","92.44","2.34%"
"09/30/2022","90.32","90.32","90.32","90.32","-0.92%"
"09/29/2022","91.16","91.16","91.16","91.16","-1.74%"
"09/28/2022","92.77","92.77","92.77","92.77","1.95%"
"09/27/2022","91.00","91.00","91.00","91.00","0.11%"
"09/26/2022","90.90","90.90","90.90","90.90","-2.88%"
"09/23/2022","93.59","93.59","93.59","93.59","-0.12%"
"09/22/2022","93.70","93.70","93.70","93.70","-1.32%"
"09/21/2022","94.95","94.95","94.95","94.95","0.06%"
"09/20/2022","94.90","94.90","94.90","94.90","-0.25%"
"09/19/2022","95.13","95.13","95.13","95.13","-0.62%"
"09/16/2022","95.73","95.73","95.73","95.73","-0.62%"
"09/15/2022","96.33","96.33","96.33","96.33","-0.75%"
"09/14/2022","97.05","97.05","97.05","97.05","0.35%"
"09/13/2022","96.72","96.72","96.72","96.72","-0.30%"
"09/12/2022","97.01","97.01","97.01","97.01","-0.46%"
"09/09/2022","97.46","97.46","97.46","97.46","0.17%"
"09/08/2022","97.30","97.30","97.30","97.30","-0.86%"
"09/07/2022","98.14","98.14","98.14","98.14","0.54%"
"09/06/2022","97.62","97.62","97.62","97.62","-1.41%"
"09/02/2022","99.02","99.02","99.02","99.02","0.84%"
"09/01/2022","98.20","98.20","98.20","98.20","-0.91%"
"08/31/2022","99.09","99.09","99.09","99.09","-1.49%"
"08/30/2022","100.59","100.59","100.59","100.59","-0.19%"
"08/29/2022","100.78","100.78","100.78","100.78","-0.87%"
"08/26/2022","101.66","101.66","101.66","101.66","-0.27%"
"08/25/2022","101.94","101.94","101.94","101.94","0.52%"
"08/24/2022","101.41","101.41","101.41","101.41","-0.06%"
"08/23/2022","101.47","101.47","101.47","101.47","-0.12%"
"08/22/2022","101.59","101.59","101.59","101.59","-0.32%"
"08/19/2022","101.91","101.91","101.91","101.91","-0.49%"
"08/18/2022","102.41","102.41","102.41","102.41","0.61%"
"08/17/2022","101.79","101.79","101.79","101.79","-0.70%"
"08/16/2022","102.51","102.51","102.51","102.51","-0.15%"
"08/15/2022","102.66","102.66","102.66","102.66","0.18%"
"08/12/2022","102.48","102.48","102.48","102.48","0.41%"
"08/11/2022","102.05","102.05","102.05","102.05","-0.61%"
"08/10/2022","102.68","102.68","102.68","102.68","-0.27%"
"08/09/2022","102.95","102.95","102.95","102.95","-0.36%"
"08/08/2022","103.33","103.33","103.33","103.33","0.71%"
"08/05/2022","102.60","102.60","102.60","102.60","-1.10%"
"08/04/2022","103.74","103.74","103.74","103.74","-0.16%"
"08/03/2022","103.91","103.91","103.91","103.91","0.49%"
"08/02/2022","103.40","103.40","103.40","103.40","-1.80%"
"08/01/2022","105.29","105.29","105.29","105.29","0.22%"
"07/29/2022","105.05","105.05","105.05","105.05","0.64%"
"07/28/2022","104.39","104.39","104.39","104.39","1.47%"
"07/27/2022","102.88","102.88","102.88","102.88","1.13%"
"07/26/2022","101.73","101.73","101.73","101.73","0.04%"
"07/25/2022","101.69","101.69","101.69","101.69","-0.34%"
"07/22/2022","102.04","102.04","102.04","102.04","6.45%"
"07/21/2022","95.86","95.86","95.86","95.86","0.75%"
"07/20/2022","95.15","95.15","95.15","95.15","-0.12%"
"07/19/2022","95.27","95.27","95.27","95.27","-0.17%"
"07/18/2022","95.43","95.43","95.43","95.43","-0.51%"
"07/15/2022","95.91","95.91","95.91","95.91","0.46%"
"07/14/2022","95.48","95.48","95.48","95.48","-0.11%"
"07/13/2022","95.58","95.58","95.58","95.58","0.53%"
"07/12/2022","95.07","95.07","95.07","95.07","0.12%"
"07/11/2022","94.95","94.95","94.95","94.95","0.38%"
"07/08/2022","94.59","94.59","94.59","94.59","-0.48%"
"07/07/2022","95.05","95.05","95.05","95.05","-0.13%"
"07/06/2022","95.17","95.17","95.17","95.17","-1.17%"
"07/05/2022","96.30","96.30","96.30","96.30","0.07%"
"07/04/2022","96.23","96.23","96.23","96.23","0.06%"
"07/01/2022","96.17","96.17","96.17","96.17","1.46%"
"06/30/2022","94.79","94.79","94.79","94.79","0.16%"
"06/29/2022","94.64","94.64","94.64","94.64","0.07%"
"06/28/2022","94.58","94.58","94.58","94.58","-0.48%"
"06/27/2022","95.04","95.04","95.04","95.04","-0.87%"
"06/24/2022","95.88","95.88","95.88","95.88","0.05%"
"06/23/2022","95.83","95.83","95.83","95.83","0.50%"
"06/22/2022","95.35","95.35","95.35","95.35","0.54%"
"06/21/2022","94.84","94.84","94.84","94.84","-0.28%"
"06/20/2022","95.11","95.11","95.11","95.11","-0.05%"
"06/17/2022","95.16","95.16","95.16","95.16","-0.19%"
"06/16/2022","95.34","95.34","95.34","95.34","-0.03%"
"06/15/2022","95.37","95.37","95.37","95.37","2.02%"
"06/14/2022","93.48","93.48","93.48","93.48","-1.41%"
"06/13/2022","94.81","94.81","94.81","94.81","-2.75%"
"06/10/2022","97.49","97.49","97.49","97.49","-1.06%"
"06/09/2022","98.54","98.54","98.54","98.54","-0.10%"
"06/08/2022","98.63","98.63","98.63","98.63","-0.36%"
"06/07/2022","98.99","98.99","98.99","98.99","0.32%"
"06/06/2022","98.67","98.67","98.67","98.67","-0.73%"
"06/03/2022","99.40","99.40","99.40","99.40","0.51%"
"06/02/2022","98.90","98.90","98.90","98.90","0.24%"
"06/01/2022","98.66","98.66","98.66","98.66","-0.60%"
"05/31/2022","99.26","99.26","99.26","99.26","-1.02%"
"05/27/2022","100.28","100.28","100.28","100.28","0.23%"
"05/26/2022","100.05","100.05","100.05","100.05","0.79%"
"05/25/2022","99.27","99.27","99.27","99.27","-0.09%"
"05/24/2022","99.35","99.35","99.35","99.35","0.70%"
"05/23/2022","98.66","98.66","98.66","98.66","-0.52%"
"05/20/2022","99.17","99.17","99.17","99.17","-0.16%"
"05/19/2022","99.33","99.33","99.33","99.33","-0.38%"
"05/18/2022","99.70","99.70","99.70","99.70","1.04%"
"05/17/2022","98.68","98.68","98.68","98.68","-0.83%"
"05/16/2022","99.51","99.51","99.51","99.51","0.23%"
"05/13/2022","99.28","99.28","99.28","99.28","0.40%"
"05/12/2022","98.88","98.88","98.88","98.88","-0.42%"
"05/11/2022","99.30","99.30","99.30","99.30","1.44%"
"05/10/2022","97.89","97.89","97.89","97.89","-0.45%"
"05/09/2022","98.34","98.34","98.34","98.34","-0.15%"
"05/06/2022","98.48","98.48","98.48","98.48","-0.95%"
"05/05/2022","99.43","99.43","99.43","99.43","-1.06%"
"05/04/2022","100.49","100.49","100.49","100.49","0.78%"
"05/03/2022","99.71","99.71","99.71","99.71","-0.02%"
"05/02/2022","99.73","99.73","99.73","99.73","-1.43%"
"04/29/2022","101.17","101.17","101.17","101.17","-1.38%"
"04/28/2022","102.59","102.59","102.59","102.59","0.69%"
"04/27/2022","101.88","101.88","101.88","101.88","-0.75%"
"04/26/2022","102.65","102.65","102.65","102.65","0.63%"
"04/25/2022","102.01","102.01","102.01","102.01","0.05%"
"04/22/2022","101.95","101.95","101.95","101.95","-0.49%"
"04/21/2022","102.45","102.45","102.45","102.45","0.14%"
"04/20/2022","102.31","102.31","102.31","102.31","1.09%"
"04/19/2022","101.21","101.21","101.21","101.21","-0.86%"
"04/18/2022","102.09","102.09","102.09","102.09","0.09%"
"04/14/2022","101.99","101.99","101.99","101.99","-0.40%"
"04/13/2022","102.41","102.41","102.41","102.41","-0.21%"
"04/12/2022","102.63","102.63","102.63","102.63","-0.10%"
"04/11/2022","102.73","102.73","102.73","102.73","-0.27%"
"04/08/2022","103.00","103.00","103.00","103.00","0.05%"
"04/07/2022","102.95","102.95","102.95","102.95","-0.58%"
"04/06/2022","103.55","103.55","103.55","103.55","-0.56%"
"04/05/2022","104.13","104.13","104.13","104.13","-1.14%"
"04/04/2022","105.33","105.33","105.33","105.33","-0.14%"
"04/01/2022","105.48","105.48","105.48","105.48","-0.50%"
"03/31/2022","106.01","106.01","106.01","106.01","-0.51%"
"03/30/2022","106.55","106.55","106.55","106.55","0.63%"
"03/29/2022","105.88","105.88","105.88","105.88","-0.21%"
"03/28/2022","106.11","106.11","106.11","106.11","-0.04%"
"03/25/2022","106.15","106.15","106.15","106.15","-0.81%"
"03/24/2022","107.02","107.02","107.02","107.02","-1.05%"
"03/23/2022","108.15","108.15","108.15","108.15","1.30%"
"03/22/2022","106.76","106.76","106.76","106.76","-0.75%"
"03/21/2022","107.56","107.56","107.56","107.56","-1.17%"
"03/18/2022","108.84","108.84","108.84","108.84","-0.23%"
"03/17/2022","109.09","109.09","109.09","109.09","1.55%"
"03/16/2022","107.42","107.42","107.42","107.42","-0.95%"
"03/15/2022","108.45","108.45","108.45","108.45","-1.01%"
"03/14/2022","109.56","109.56","109.56","109.56","-1.59%"
"03/11/2022","111.33","111.33","111.33","111.33","0.81%"
"03/10/2022","110.43","110.43","110.43","110.43","-0.44%"
"03/09/2022","110.92","110.92","110.92","110.92","-1.46%"
"03/08/2022","112.57","112.57","112.57","112.57","0.14%"
"03/07/2022","112.41","112.41","112.41","112.41","1.08%"
"03/04/2022","111.21","111.21","111.21","111.21","1.13%"
"03/03/2022","109.97","109.97","109.97","109.97","-0.06%"
"03/02/2022","110.03","110.03","110.03","110.03","-1.25%"
"03/01/2022","111.43","111.43","111.43","111.43","1.75%"
"02/28/2022","109.52","109.52","109.52","109.52","2.15%"
"02/25/2022","107.21","107.21","107.21","107.21","-0.25%"
"02/24/2022","107.48","107.48","107.48","107.48","0.42%"
"02/23/2022","107.03","107.03","107.03","107.03","0.42%"
"02/22/2022","106.59","106.59","106.59","106.59","0.15%"
"02/18/2022","106.43","106.43","106.43","106.43","0.26%"
"02/17/2022","106.16","106.16","106.16","106.16","0.54%"
"02/16/2022","105.59","105.59","105.59","105.59","-0.14%"
"02/15/2022","105.73","105.73","105.73","105.73","-0.80%"
"02/14/2022","106.59","106.59","106.59","106.59","-0.30%"
"02/11/2022","106.91","106.91","106.91","106.91","1.46%"
"02/10/2022","105.37","105.37","105.37","105.37","-0.92%"
"02/09/2022","106.34","106.34","106.34","106.34","0.36%"
"02/08/2022","105.96","105.96","105.96","105.96","-0.26%"
"02/07/2022","106.24","106.24","106.24","106.24","-0.06%"
"02/04/2022","106.30","106.30","106.30","106.30","-0.74%"
"02/03/2022","107.10","107.10","107.10","107.10","-0.85%"
"02/02/2022","108.02","108.02","108.02","108.02","0.11%"
"02/01/2022","107.90","107.90","107.90","107.90","-0.55%"
"01/31/2022","108.50","108.50","108.50","108.50","0.17%"
"01/28/2022","108.31","108.31","108.31","108.31","0.57%"
"01/27/2022","107.70","107.70","107.70","107.70","0.84%"
"01/26/2022","106.80","106.80","106.80","106.80","-0.96%"
"01/25/2022","107.84","107.84","107.84","107.84","-0.01%"
"01/24/2022","107.84","107.84","107.84","107.84","0.41%"
"01/21/2022","107.40","107.40","107.40","107.40","0.15%"
"01/20/2022","107.24","107.24","107.24","107.24","0.17%"
"01/19/2022","107.06","107.06","107.06","107.06","-0.15%"
"01/18/2022","107.23","107.23","107.23","107.23","-0.74%"
"01/14/2022","108.02","108.02","108.02","108.02","-0.80%"
"01/13/2022","108.90","108.90","108.90","108.90","0.14%"
"01/12/2022","108.75","108.75","108.75","108.75","-0.77%"
"01/11/2022","109.59","109.59","109.59","109.59","0.67%"
"01/10/2022","108.87","108.87","108.87","108.87","0.06%"
"01/07/2022","108.80","108.80","108.80","108.80","-0.20%"
"01/06/2022","109.02","109.02","109.02","109.02","-0.65%"
"01/05/2022","109.73","109.73","109.73","109.73","-1.03%"
"01/04/2022","110.87","110.87","110.87","110.87","-0.58%"
"01/03/2022","111.52","111.52","111.52","111.52","-0.68%"
"12/31/2021","112.28","112.28","112.28","112.28","-0.24%"
"12/30/2021","112.55","112.55","112.55","112.55","0.74%"
"12/29/2021","111.72","111.72","111.72","111.72","-0.17%"
"12/28/2021","111.91","111.91","111.91","111.91","-0.10%"
"12/27/2021","112.02","112.02","112.02","112.02","0.51%"
"12/23/2021","111.45","111.45","111.45","111.45","-0.39%"
"12/22/2021","111.89","111.89","111.89","111.89","0.30%"
"12/21/2021","111.55","111.55","111.55","111.55","0.22%"
"12/20/2021","111.31","111.31","111.31","111.31","-0.21%"
"12/17/2021","111.55","111.55","111.55","111.55","-0.15%"
"12/16/2021","111.71","111.71","111.71","111.71","0.19%"
"12/15/2021","111.50","111.50","111.50","111.50","0.37%"
"12/14/2021","111.09","111.09","111.09","111.09","-0.36%"
"12/13/2021","111.49","111.49","111.49","111.49","0.04%"
"12/10/2021","111.45","111.45","111.45","111.45","0.01%"
"12/09/2021","111.44","111.44","111.44","111.44","-0.31%"
"12/08/2021","111.78","111.78","111.78","111.78","-0.02%"
"12/07/2021","111.80","111.80","111.80","111.80","0.16%"
"12/06/2021","111.63","111.63","111.63","111.63","-0.71%"
"12/03/2021","112.42","112.42","112.42","112.42","0.59%"
"12/02/2021","111.77","111.77","111.77","111.77","0.02%"
"12/01/2021","111.74","111.74","111.74","111.74","-0.36%"
"11/30/2021","112.15","112.15","112.15","112.15","0.21%"
"11/29/2021","111.91","111.91","111.91","111.91","-0.31%"
"11/26/2021","112.26","112.26","112.26","112.26","0.91%"
"11/24/2021","111.24","111.24","111.24","111.24","0.25%"
"11/23/2021","110.97","110.97","110.97","110.97","-0.41%"
"11/22/2021","111.43","111.43","111.43","111.43","-1.06%"
"11/19/2021","112.63","112.63","112.63","112.63","-0.27%"
"11/18/2021","112.93","112.93","112.93","112.93","-0.01%"
"11/17/2021","112.95","112.95","112.95","112.95","0.24%"
"11/16/2021","112.68","112.68","112.68","112.68","-0.32%"
"11/15/2021","113.04","113.04","113.04","113.04","-0.15%"
"11/12/2021","113.21","113.21","113.21","113.21","0.09%"
"11/10/2021","113.11","113.11","113.11","113.11","-0.46%"
"11/09/2021","113.63","113.63","113.63","113.63","0.69%"
"11/08/2021","112.86","112.86","112.86","112.86","0.33%"
"11/05/2021","112.48","112.48","112.48","112.48","0.53%"
"11/04/2021","111.89","111.89","111.89","111.89","0.80%"
"11/03/2021","111.00","111.00","111.00","111.00","-0.18%"
"11/02/2021","111.20","111.20","111.20","111.20","0.25%"
"11/01/2021","110.92","110.92","110.92","110.92","-0.73%"
"10/29/2021","111.74","111.74","111.74","111.74","0.10%"
"10/28/2021","111.63","111.63","111.63","111.63","-1.08%"
"10/27/2021","112.84","112.84","112.84","112.84","0.43%"
"10/26/2021","112.36","112.36","112.36","112.36","0.45%"
"10/25/2021","111.85","111.85","111.85","111.85","0.34%"
"10/22/2021","111.47","111.47","111.47","111.47","0.47%"
"10/21/2021","110.95","110.95","110.95","110.95","0.08%"
"10/20/2021","110.85","110.85","110.85","110.85","0.27%"
"10/19/2021","110.55","110.55","110.55","110.55","-0.46%"
"10/18/2021","111.06","111.06","111.06","111.06","-0.29%"
"10/15/2021","111.39","111.39","111.39","111.39","-0.31%"
"10/14/2021","111.73","111.73","111.73","111.73","0.35%"
"10/13/2021","111.34","111.34","111.34","111.34","0.61%"
"10/12/2021","110.66","110.66","110.66","110.66","0.21%"
"10/08/2021","110.43","110.43","110.43","110.43","-0.01%"
"10/07/2021","110.45","110.45","110.45","110.45","-0.19%"
"10/06/2021","110.66","110.66","110.66","110.66","-0.12%"
"10/05/2021","110.79","110.79","110.79","110.79","0.18%"
"10/04/2021","110.59","110.59","110.59","110.59","-0.04%"
"10/01/2021","110.63","110.63","110.63","110.63","0.28%"
"09/30/2021","110.31","110.31","110.31","110.31","0.32%"
"09/29/2021","109.96","109.96","109.96","109.96","0.02%"
"09/28/2021","109.94","109.94","109.94","109.94","-0.32%"
"09/27/2021","110.29","110.29","110.29","110.29","0.00%"
"09/24/2021","110.29","110.29","110.29","110.29","-0.09%"
"09/23/2021","110.39","110.39","110.39","110.39","-0.80%"
"09/22/2021","111.28","111.28","111.28","111.28","0.00%"
"09/21/2021","111.28","111.28","111.28","111.28","-0.22%"
"09/20/2021","111.52","111.52","111.52","111.52","0.08%"
"09/17/2021","111.43","111.43","111.43","111.43","-0.39%"
"09/16/2021","111.87","111.87","111.87","111.87","-0.23%"
"09/15/2021","112.13","112.13","112.13","112.13","-0.03%"
"09/14/2021","112.16","112.16","112.16","112.16","0.03%"
"09/13/2021","112.13","112.13","112.13","112.13","-0.06%"
"09/10/2021","112.20","112.20","112.20","112.20","-0.41%"
"09/09/2021","112.66","112.66","112.66","112.66","0.47%"
"09/08/2021","112.13","112.13","112.13","112.13","0.55%"
"09/07/2021","111.52","111.52","111.52","111.52","-0.27%"
"09/03/2021","111.83","111.83","111.83","111.83","-0.33%"
"09/02/2021","112.20","112.20","112.20","112.20","0.03%"
"09/01/2021","112.16","112.16","112.16","112.16","0.15%"
"08/31/2021","111.99","111.99","111.99","111.99","-0.59%"
"08/30/2021","112.66","112.66","112.66","112.66","0.10%"
"08/27/2021","112.55","112.55","112.55","112.55","0.84%"
"08/26/2021","111.61","111.61","111.61","111.61","-0.13%"
"08/25/2021","111.76","111.76","111.76","111.76","-0.13%"
"08/24/2021","111.91","111.91","111.91","111.91","-0.07%"
"08/23/2021","111.98","111.98","111.98","111.98","0.15%"
"08/20/2021","111.81","111.81","111.81","111.81","-0.42%"
"08/19/2021","112.28","112.28","112.28","112.28","-0.11%"
"08/18/2021","112.41","112.41","112.41","112.41","0.00%"
"08/17/2021","112.41","112.41","112.41","112.41","-0.42%"
"08/16/2021","112.88","112.88","112.88","112.88","0.04%"
"08/13/2021","112.84","112.84","112.84","112.84","0.40%"
"08/12/2021","112.39","112.39","112.39","112.39","-0.10%"
"08/11/2021","112.51","112.51","112.51","112.51","0.33%"
"08/10/2021","112.14","112.14","112.14","112.14","-0.02%"
"08/09/2021","112.16","112.16","112.16","112.16","-0.20%"
"08/06/2021","112.39","112.39","112.39","112.39","-0.48%"
"08/05/2021","112.94","112.94","112.94","112.94","-0.61%"
"08/04/2021","113.63","113.63","113.63","113.63","-0.29%"
"08/03/2021","113.96","113.96","113.96","113.96","0.14%"
"08/02/2021","113.80","113.80","113.80","113.80","0.03%"
"07/30/2021","113.76","113.76","113.76","113.76","0.25%"
"07/29/2021","113.48","113.48","113.48","113.48","-0.21%"
"07/28/2021","113.72","113.72","113.72","113.72","0.41%"
"07/27/2021","113.25","113.25","113.25","113.25","0.31%"
"07/26/2021","112.90","112.90","112.90","112.90","0.38%"
"07/23/2021","112.48","112.48","112.48","112.48","0.84%"
"07/22/2021","111.54","111.54","111.54","111.54","0.18%"
"07/21/2021","111.34","111.34","111.34","111.34","-0.37%"
"07/20/2021","111.75","111.75","111.75","111.75","-0.17%"
"07/19/2021","111.95","111.95","111.95","111.95","0.26%"
"07/16/2021","111.66","111.66","111.66","111.66","-0.06%"
"07/15/2021","111.72","111.72","111.72","111.72","0.33%"
"07/14/2021","111.35","111.35","111.35","111.35","0.44%"
"07/13/2021","110.87","110.87","110.87","110.87","-0.09%"
"07/12/2021","110.97","110.97","110.97","110.97","0.32%"
"07/09/2021","110.61","110.61","110.61","110.61","-0.06%"
"07/08/2021","110.68","110.68","110.68","110.68","-0.12%"
"07/07/2021","110.81","110.81","110.81","110.81","-0.23%"
"07/06/2021","111.07","111.07","111.07","111.07","0.63%"
"07/02/2021","110.38","110.38","110.38","110.38","0.21%"
"07/01/2021","110.15","110.15","110.15","110.15","0.18%"
"06/30/2021","109.95","109.95","109.95","109.95","0.11%"
"06/29/2021","109.84","109.84","109.84","109.84","0.01%"
"06/28/2021","109.82","109.82","109.82","109.82","0.18%"
"06/25/2021","109.63","109.63","109.63","109.63","0.16%"
"06/24/2021","109.45","109.45","109.45","109.45","-0.44%"
"06/23/2021","109.94","109.94","109.94","109.94","0.12%"
"06/22/2021","109.80","109.80","109.80","109.80","0.68%"
"06/21/2021","109.06","109.06","109.06","109.06","-0.14%"
"06/18/2021","109.22","109.22","109.22","109.22","0.14%"
"06/17/2021","109.07","109.07","109.07","109.07","0.40%"
"06/16/2021","108.63","108.63","108.63","108.63","-1.51%"
"06/15/2021","110.30","110.30","110.30","110.30","0.22%"
"06/14/2021","110.05","110.05","110.05","110.05","-0.16%"
"06/11/2021","110.23","110.23","110.23","110.23","-0.32%"
"06/10/2021","110.59","110.59","110.59","110.59","0.85%"
"06/09/2021","109.66","109.66","109.66","109.66","0.01%"
"06/08/2021","109.66","109.66","109.66","109.66","0.01%"
"06/07/2021","109.65","109.65","109.65","109.65","-0.33%"
"06/04/2021","110.02","110.02","110.02","110.02","0.54%"
"06/03/2021","109.42","109.42","109.42","109.42","-0.56%"
"06/02/2021","110.04","110.04","110.04","110.04","0.01%"
"06/01/2021","110.03","110.03","110.03","110.03","0.15%"
"05/28/2021","109.87","109.87","109.87","109.87","0.20%"
"05/27/2021","109.65","109.65","109.65","109.65","-0.14%"
"05/26/2021","109.80","109.80","109.80","109.80","-0.38%"
"05/25/2021","110.22","110.22","110.22","110.22","0.29%"
"05/24/2021","109.90","109.90","109.90","109.90","0.29%"
"05/21/2021","109.58","109.58","109.58","109.58","0.01%"
"05/20/2021","109.56","109.56","109.56","109.56","0.05%"
"05/19/2021","109.51","109.51","109.51","109.51","-0.88%"
"05/18/2021","110.48","110.48","110.48","110.48","-0.02%"
"05/17/2021","110.51","110.51","110.51","110.51","0.07%"
"05/14/2021","110.43","110.43","110.43","110.43","0.24%"
"05/13/2021","110.16","110.16","110.16","110.16","0.13%"
"05/12/2021","110.02","110.02","110.02","110.02","-0.49%"
"05/11/2021","110.56","110.56","110.56","110.56","-0.09%"
"05/10/2021","110.66","110.66","110.66","110.66","0.06%"
"05/07/2021","110.60","110.60","110.60","110.60","0.34%"
"05/06/2021","110.23","110.23","110.23","110.23","-0.16%"
"05/05/2021","110.41","110.41","110.41","110.41","0.65%"
"05/04/2021","109.70","109.70","109.70","109.70","0.10%"
"05/03/2021","109.59","109.59","109.59","109.59","0.43%"
"04/30/2021","109.12","109.12","109.12","109.12","-0.04%"
"04/29/2021","109.16","109.16","109.16","109.16","-0.29%"
"04/28/2021","109.48","109.48","109.48","109.48","0.29%"
"04/27/2021","109.16","109.16","109.16","109.16","-0.11%"
"04/26/2021","109.28","109.28","109.28","109.28","0.15%"
"04/23/2021","109.12","109.12","109.12","109.12","-0.11%"
"04/22/2021","109.23","109.23","109.23","109.23","0.14%"
"04/21/2021","109.08","109.08","109.08","109.08","0.09%"
"04/20/2021","108.98","108.98","108.98","108.98","0.19%"
"04/19/2021","108.77","108.77","108.77","108.77","-0.34%"
"04/16/2021","109.14","109.14","109.14","109.14","0.11%"
"04/15/2021","109.02","109.02","109.02","109.02","0.53%"
"04/14/2021","108.45","108.45","108.45","108.45","0.06%"
"04/13/2021","108.38","108.38","108.38","108.38","0.39%"
"04/12/2021","107.96","107.96","107.96","107.96","0.04%"
"04/09/2021","107.92","107.92","107.92","107.92","-0.21%"
"04/08/2021","108.15","108.15","108.15","108.15","0.20%"
"04/07/2021","107.94","107.94","107.94","107.94","0.04%"
"04/06/2021","107.89","107.89","107.89","107.89","0.10%"
"04/05/2021","107.78","107.78","107.78","107.78","-0.07%"
"04/02/2021","107.85","107.85","107.85","107.85","-0.25%"
"04/01/2021","108.12","108.12","108.12","108.12","0.49%"
"03/31/2021","107.59","107.59","107.59","107.59","-0.10%"
"03/30/2021","107.70","107.70","107.70","107.70","-0.09%"
"03/29/2021","107.80","107.80","107.80","107.80","-0.37%"
"03/26/2021","108.20","108.20","108.20","108.20","0.00%"
"03/25/2021","108.20","108.20","108.20","108.20","-0.13%"
"03/24/2021","108.34","108.34","108.34","108.34","0.22%"
"03/23/2021","108.10","108.10","108.10","108.10","0.47%"
"03/22/2021","107.59","107.59","107.59","107.59","0.44%"
"03/19/2021","107.12","107.12","107.12","107.12","-0.06%"
"03/18/2021","107.18","107.18","107.18","107.18","-0.74%"
"03/17/2021","107.98","107.98","107.98","107.98","-0.19%"
"03/16/2021","108.18","108.18","108.18","108.18","0.14%"
"03/15/2021","108.02","108.02","108.02","108.02","0.16%"
"03/12/2021","107.85","107.85","107.85","107.85","-1.00%"
"03/11/2021","108.95","108.95","108.95","108.95","0.04%"
"03/10/2021","108.90","108.90","108.90","108.90","0.53%"
"03/09/2021","108.32","108.32","108.32","108.32","0.81%"
"03/08/2021","107.45","107.45","107.45","107.45","-0.48%"
"03/05/2021","107.96","107.96","107.96","107.96","0.09%"
"03/04/2021","107.87","107.87","107.87","107.87","-0.87%"
"03/03/2021","108.81","108.81","108.81","108.81","-0.61%"
"03/02/2021","109.48","109.48","109.48","109.48","0.64%"
"03/01/2021","108.78","108.78","108.78","108.78","-0.06%"
"02/26/2021","108.84","108.84","108.84","108.84","1.40%"
"02/25/2021","107.34","107.34","107.34","107.34","-1.97%"
"02/24/2021","109.49","109.49","109.49","109.49","-0.31%"
"02/23/2021","109.84","109.84","109.84","109.84","0.39%"
"02/22/2021","109.41","109.41","109.41","109.41","-0.24%"
"02/19/2021","109.67","109.67","109.67","109.67","-0.57%"
"02/18/2021","110.30","110.30","110.30","110.30","-0.65%"
"02/17/2021","111.03","111.03","111.03","111.03","0.03%"
"02/16/2021","111.00","111.00","111.00","111.00","-0.81%"
"02/12/2021","111.91","111.91","111.91","111.91","-0.25%"
"02/11/2021","112.19","112.19","112.19","112.19","-0.25%"
"02/10/2021","112.47","112.47","112.47","112.47","0.19%"
"02/09/2021","112.26","112.26","112.26","112.26","0.17%"
"02/08/2021","112.07","112.07","112.07","112.07","-0.01%"
"02/05/2021","112.09","112.09","112.09","112.09","-0.04%"
"02/04/2021","112.13","112.13","112.13","112.13","-0.01%"
"02/03/2021","112.14","112.14","112.14","112.14","-0.09%"
"02/02/2021","112.24","112.24","112.24","112.24","0.31%"
"02/01/2021","111.89","111.89","111.89","111.89","-0.21%"
"01/29/2021","112.13","112.13","112.13","112.13","-0.26%"
"01/28/2021","112.41","112.41","112.41","112.41","0.17%"
"01/27/2021","112.22","112.22","112.22","112.22","0.07%"
"01/26/2021","112.14","112.14","112.14","112.14","-0.08%"
"01/25/2021","112.23","112.23","112.23","112.23","0.45%"
"01/22/2021","111.72","111.72","111.72","111.72","-0.29%"
"01/21/2021","112.05","112.05","112.05","112.05","0.25%"
"01/20/2021","111.77","111.77","111.77","111.77","0.18%"
"01/19/2021","111.56","111.56","111.56","111.56","0.16%"
"01/15/2021","111.38","111.38","111.38","111.38","0.34%"
"01/14/2021","111.00","111.00","111.00","111.00","-0.02%"
"01/13/2021","111.02","111.02","111.02","111.02","0.24%"
"01/12/2021","110.76","110.76","110.76","110.76","0.16%"
"01/11/2021","110.59","110.59","110.59","110.59","-0.26%"
"01/08/2021","110.88","110.88","110.88","110.88","-0.60%"
"01/07/2021","111.55","111.55","111.55","111.55","-0.16%"
"01/06/2021","111.73","111.73","111.73","111.73","-0.41%"
"01/05/2021","112.19","112.19","112.19","112.19","-0.17%"
"01/04/2021","112.38","112.38","112.38","112.38","0.22%"
"12/31/2020","112.14","112.14","112.14","112.14","0.29%"
"12/30/2020","111.81","111.81","111.81","111.81","0.15%"
"12/29/2020","111.64","111.64","111.64","111.64","-0.20%"
"12/28/2020","111.87","111.87","111.87","111.87","0.02%"
"12/24/2020","111.84","111.84","111.84","111.84","0.15%"
"12/23/2020","111.67","111.67","111.67","111.67","0.06%"
"12/22/2020","111.60","111.60","111.60","111.60","0.08%"
"12/21/2020","111.52","111.52","111.52","111.52","-0.06%"
"12/18/2020","111.58","111.58","111.58","111.58","-0.01%"
"12/17/2020","111.59","111.59","111.59","111.59","0.04%"
"12/16/2020","111.55","111.55","111.55","111.55","0.06%"
"12/15/2020","111.48","111.48","111.48","111.48","0.18%"
"12/14/2020","111.29","111.29","111.29","111.29","0.08%"
"12/11/2020","111.20","111.20","111.20","111.20","-0.04%"
"12/10/2020","111.25","111.25","111.25","111.25","0.09%"
"12/09/2020","111.15","111.15","111.15","111.15","-0.06%"
"12/08/2020","111.21","111.21","111.21","111.21","0.14%"
"12/07/2020","111.05","111.05","111.05","111.05","0.29%"
"12/04/2020","110.73","110.73","110.73","110.73","-0.24%"
"12/03/2020","111.00","111.00","111.00","111.00","0.30%"
"12/02/2020","110.67","110.67","110.67","110.67","0.31%"
"12/01/2020","110.33","110.33","110.33","110.33","-0.45%"
"11/30/2020","110.83","110.83","110.83","110.83","0.25%"
"11/27/2020","110.55","110.55","110.55","110.55","0.30%"
"11/25/2020","110.21","110.21","110.21","110.21","0.19%"
"11/24/2020","110.00","110.00","110.00","110.00","0.09%"
"11/23/2020","109.91","109.91","109.91","109.91","-0.16%"
"11/20/2020","110.08","110.08","110.08","110.08","0.02%"
"11/19/2020","110.05","110.05","110.05","110.05","0.24%"
"11/18/2020","109.79","109.79","109.79","109.79","-0.11%"
"11/17/2020","109.91","109.91","109.91","109.91","0.30%"
"11/16/2020","109.59","109.59","109.59","109.59","-0.15%"
"11/13/2020","109.75","109.75","109.75","109.75","-0.06%"
"11/12/2020","109.81","109.81","109.81","109.81","0.52%"
"11/10/2020","109.24","109.24","109.24","109.24","-0.02%"
"11/09/2020","109.27","109.27","109.27","109.27","-0.41%"
"11/06/2020","109.71","109.71","109.71","109.71","-0.46%"
"11/05/2020","110.22","110.22","110.22","110.22","0.10%"
"11/04/2020","110.11","110.11","110.11","110.11","0.39%"
"11/03/2020","109.68","109.68","109.68","109.68","-0.31%"
"11/02/2020","110.02","110.02","110.02","110.02","0.31%"
"10/30/2020","109.67","109.67","109.67","109.67","-0.38%"
"10/29/2020","110.09","110.09","110.09","110.09","-0.50%"
"10/28/2020","110.65","110.65","110.65","110.65","-0.16%"
"10/27/2020","110.83","110.83","110.83","110.83","0.13%"
"10/26/2020","110.69","110.69","110.69","110.69","0.15%"
"10/23/2020","110.52","110.52","110.52","110.52","0.09%"
"10/22/2020","110.42","110.42","110.42","110.42","-0.16%"
"10/21/2020","110.60","110.60","110.60","110.60","-0.20%"
"10/20/2020","110.82","110.82","110.82","110.82","-0.05%"
"10/19/2020","110.88","110.88","110.88","110.88","-0.17%"
"10/16/2020","111.06","111.06","111.06","111.06","-0.02%"
"10/15/2020","111.09","111.09","111.09","111.09","-0.08%"
"10/14/2020","111.17","111.17","111.17","111.17","-0.06%"
"10/13/2020","111.23","111.23","111.23","111.23","0.13%"
"10/09/2020","111.09","111.09","111.09","111.09","0.11%"
"10/08/2020","110.97","110.97","110.97","110.97","0.24%"
"10/07/2020","110.70","110.70","110.70","110.70","-0.13%"
"10/06/2020","110.85","110.85","110.85","110.85","0.21%"
"10/05/2020","110.62","110.62","110.62","110.62","-0.30%"
"10/02/2020","110.95","110.95","110.95","110.95","-0.14%"
"10/01/2020","111.10","111.10","111.10","111.10","0.08%"
"09/30/2020","111.01","111.01","111.01","111.01","-0.36%"
"09/29/2020","111.41","111.41","111.41","111.41","0.25%"
"09/28/2020","111.13","111.13","111.13","111.13","0.31%"
"09/25/2020","110.78","110.78","110.78","110.78","0.12%"
"09/24/2020","110.65","110.65","110.65","110.65","-0.13%"
"09/23/2020","110.79","110.79","110.79","110.79","-0.24%"
"09/22/2020","111.05","111.05","111.05","111.05","-0.09%"
"09/21/2020","111.16","111.16","111.16","111.16","-0.16%"
"09/18/2020","111.34","111.34","111.34","111.34","-0.10%"
"09/17/2020","111.45","111.45","111.45","111.45","0.06%"
"09/16/2020","111.38","111.38","111.38","111.38","-0.11%"
"09/15/2020","111.50","111.50","111.50","111.50","0.07%"
"09/14/2020","111.42","111.42","111.42","111.42","-0.13%"
"09/11/2020","111.57","111.57","111.57","111.57","-0.15%"
"09/10/2020","111.73","111.73","111.73","111.73","0.03%"
"09/09/2020","111.70","111.70","111.70","111.70","-0.04%"
"09/08/2020","111.75","111.75","111.75","111.75","0.29%"
"09/04/2020","111.42","111.42","111.42","111.42","-0.65%"
"09/03/2020","112.16","112.16","112.16","112.16","-0.37%"
"09/02/2020","112.57","112.57","112.57","112.57","-0.17%"
"09/01/2020","112.76","112.76","112.76","112.76","0.02%"
"08/31/2020","112.73","112.73","112.73","112.73","0.45%"
"08/28/2020","112.23","112.23","112.23","112.23","0.56%"
"08/27/2020","111.61","111.61","111.61","111.61","-0.45%"
"08/26/2020","112.12","112.12","112.12","112.12","0.24%"
"08/25/2020","111.84","111.84","111.84","111.84","-0.09%"
"08/24/2020","111.95","111.95","111.95","111.95","0.20%"
"08/21/2020","111.73","111.73","111.73","111.73","0.30%"
"08/20/2020","111.39","111.39","111.39","111.39","-0.08%"
"08/19/2020","111.48","111.48","111.48","111.48","-0.47%"
"08/18/2020","112.00","112.00","112.00","112.00","0.62%"
"08/17/2020","111.31","111.31","111.31","111.31","0.20%"
"08/14/2020","111.09","111.09","111.09","111.09","-0.14%"
"08/13/2020","111.25","111.25","111.25","111.25","-0.30%"
"08/12/2020","111.59","111.59","111.59","111.59","0.06%"
"08/11/2020","111.52","111.52","111.52","111.52","-0.47%"
"08/10/2020","112.04","112.04","112.04","112.04","-0.25%"
"08/07/2020","112.32","112.32","112.32","112.32","-0.29%"
"08/06/2020","112.65","112.65","112.65","112.65","0.17%"
"08/05/2020","112.46","112.46","112.46","112.46","0.06%"
"08/04/2020","112.39","112.39","112.39","112.39","0.33%"
"08/03/2020","112.02","112.02","112.02","112.02","0.01%"
"07/31/2020","112.01","112.01","112.01","112.01","0.45%"
"07/30/2020","111.51","111.51","111.51","111.51","0.25%"
"07/29/2020","111.23","111.23","111.23","111.23","0.27%"
"07/28/2020","110.94","110.94","110.94","110.94","0.24%"
"07/27/2020","110.67","110.67","110.67","110.67","-0.13%"
"07/24/2020","110.82","110.82","110.82","110.82","0.75%"
"07/23/2020","109.99","109.99","109.99","109.99","-0.08%"
"07/22/2020","110.08","110.08","110.08","110.08","0.06%"
"07/21/2020","110.01","110.01","110.01","110.01","0.32%"
"07/20/2020","109.66","109.66","109.66","109.66","0.11%"
"07/17/2020","109.54","109.54","109.54","109.54","0.33%"
"07/16/2020","109.18","109.18","109.18","109.18","0.19%"
"07/15/2020","108.98","108.98","108.98","108.98","-0.16%"
"07/14/2020","109.15","109.15","109.15","109.15","-0.01%"
"07/13/2020","109.16","109.16","109.16","109.16","0.34%"
"07/10/2020","108.79","108.79","108.79","108.79","-0.17%"
"07/09/2020","108.98","108.98","108.98","108.98","0.29%"
"07/08/2020","108.66","108.66","108.66","108.66","-0.37%"
"07/07/2020","109.06","109.06","109.06","109.06","0.04%"
"07/06/2020","109.02","109.02","109.02","109.02","0.37%"
"07/02/2020","108.61","108.61","108.61","108.61","0.40%"
"07/01/2020","108.17","108.17","108.17","108.17","0.04%"
"06/30/2020","108.13","108.13","108.13","108.13","-0.19%"
"06/29/2020","108.34","108.34","108.34","108.34","0.25%"
"06/26/2020","108.07","108.07","108.07","108.07","0.26%"
"06/25/2020","107.79","107.79","107.79","107.79","0.09%"
"06/24/2020","107.70","107.70","107.70","107.70","-0.11%"
"06/23/2020","107.81","107.81","107.81","107.81","0.25%"
"06/22/2020","107.54","107.54","107.54","107.54","0.25%"
"06/19/2020","107.27","107.27","107.27","107.27","0.38%"
"06/18/2020","106.86","106.86","106.86","106.86","0.41%"
"06/17/2020","106.42","106.42","106.42","106.42","-0.05%"
"06/16/2020","106.48","106.48","106.48","106.48","0.12%"
"06/15/2020","106.35","106.35","106.35","106.35","0.15%"
"06/12/2020","106.19","106.19","106.19","106.19","-0.43%"
"06/11/2020","106.65","106.65","106.65","106.65","0.12%"
"06/10/2020","106.52","106.52","106.52","106.52","1.08%"
"06/09/2020","105.38","105.38","105.38","105.38","0.10%"
"06/08/2020","105.27","105.27","105.27","105.27","0.35%"
"06/05/2020","104.90","104.90","104.90","104.90","-0.19%"
"06/04/2020","105.09","105.09","105.09","105.09","-0.64%"
"06/03/2020","105.77","105.77","105.77","105.77","-0.32%"
"06/02/2020","106.12","106.12","106.12","106.12","-0.25%"
"06/01/2020","106.38","106.38","106.38","106.38","0.23%"
"05/29/2020","106.14","106.14","106.14","106.14","0.10%"
"05/28/2020","106.04","106.04","106.04","106.04","0.35%"
"05/27/2020","105.67","105.67","105.67","105.67","0.20%"
"05/26/2020","105.46","105.46","105.46","105.46","-0.27%"
"05/22/2020","105.75","105.75","105.75","105.75","0.07%"
"05/21/2020","105.67","105.67","105.67","105.67","-0.23%"
"05/20/2020","105.91","105.91","105.91","105.91","0.13%"
"05/19/2020","105.78","105.78","105.78","105.78","0.11%"
"05/18/2020","105.66","105.66","105.66","105.66","0.01%"
"05/15/2020","105.65","105.65","105.65","105.65","0.04%"
"05/14/2020","105.61","105.61","105.61","105.61","0.21%"
"05/13/2020","105.38","105.38","105.38","105.38","0.06%"
"05/12/2020","105.32","105.32","105.32","105.32","0.03%"
"05/11/2020","105.29","105.29","105.29","105.29","-0.13%"
"05/08/2020","105.42","105.42","105.42","105.42","-0.22%"
"05/07/2020","105.66","105.66","105.66","105.66","0.64%"
"05/06/2020","104.98","104.98","104.98","104.98","-0.44%"
"05/05/2020","105.45","105.45","105.45","105.45","-0.16%"
"05/04/2020","105.61","105.61","105.61","105.61","-0.01%"
"05/01/2020","105.62","105.62","105.62","105.62","0.20%"
"04/30/2020","105.41","105.41","105.41","105.41","-0.71%"
"04/29/2020","106.16","106.16","106.16","106.16","-0.25%"
"04/28/2020","106.43","106.43","106.43","106.43","0.27%"
"04/27/2020","106.14","106.14","106.14","106.14","-0.10%"
"04/24/2020","106.24","106.24","106.24","106.24","0.70%"
"04/23/2020","105.50","105.50","105.50","105.50","0.01%"
"04/22/2020","105.49","105.49","105.49","105.49","0.49%"
"04/21/2020","104.98","104.98","104.98","104.98","0.48%"
"04/20/2020","104.48","104.48","104.48","104.48","-0.42%"
"04/17/2020","104.91","104.91","104.91","104.91","-0.62%"
"04/16/2020","105.57","105.57","105.57","105.57","-1.17%"
"04/15/2020","106.82","106.82","106.82","106.82","0.22%"
"04/14/2020","106.59","106.59","106.59","106.59","0.44%"
"04/13/2020","106.12","106.12","106.12","106.12","-0.08%"
"04/09/2020","106.20","106.20","106.20","106.20","0.72%"
"04/08/2020","105.45","105.45","105.45","105.45","-0.27%"
"04/07/2020","105.73","105.73","105.73","105.73","-0.30%"
"04/06/2020","106.05","106.05","106.05","106.05","0.15%"
"04/03/2020","105.89","105.89","105.89","105.89","0.44%"
"04/02/2020","105.43","105.43","105.43","105.43","1.12%"
"04/01/2020","104.27","104.27","104.27","104.27","0.47%"
"03/31/2020","103.77","103.77","103.77","103.77","0.51%"
"03/30/2020","103.24","103.24","103.24","103.24","-1.19%"
"03/27/2020","104.48","104.48","104.48","104.48","1.20%"
"03/26/2020","103.24","103.24","103.24","103.24","0.18%"
"03/25/2020","103.05","103.05","103.05","103.05","0.82%"
"03/24/2020","102.22","102.22","102.22","102.22","0.68%"
"03/23/2020","101.52","101.52","101.52","101.52","1.71%"
"03/20/2020","99.81","99.81","99.81","99.81","4.99%"
"03/19/2020","95.07","95.07","95.07","95.07","-0.69%"
"03/18/2020","95.73","95.73","95.73","95.73","-1.83%"
"03/17/2020","97.52","97.52","97.52","97.52","-3.55%"
"03/16/2020","101.10","101.10","101.10","101.10","0.53%"
"03/13/2020","100.57","100.57","100.57","100.57","-1.17%"
"03/12/2020","101.76","101.76","101.76","101.76","-0.56%"
"03/11/2020","102.34","102.34","102.34","102.34","-1.01%"
"03/10/2020","103.38","103.38","103.38","103.38","-2.33%"
"03/09/2020","105.84","105.84","105.84","105.84","-0.81%"
"03/06/2020","106.71","106.71","106.71","106.71","0.52%"
"03/05/2020","106.16","106.16","106.16","106.16","0.64%"
"03/04/2020","105.48","105.48","105.48","105.48","-0.25%"
"03/03/2020","105.75","105.75","105.75","105.75","1.46%"
"03/02/2020","104.23","104.23","104.23","104.23","0.41%"
"02/28/2020","103.80","103.80","103.80","103.80","0.28%"
"02/27/2020","103.52","103.52","103.52","103.52","0.22%"
"02/26/2020","103.29","103.29","103.29","103.29","0.27%"
"02/25/2020","103.01","103.01","103.01","103.01","-0.33%"
"02/24/2020","103.35","103.35","103.35","103.35","0.69%"
"02/21/2020","102.64","102.64","102.64","102.64","0.27%"
"02/20/2020","102.36","102.36","102.36","102.36","0.28%"
"02/19/2020","102.08","102.08","102.08","102.08","-0.13%"
"02/18/2020","102.21","102.21","102.21","102.21","0.22%"
"02/14/2020","101.98","101.98","101.98","101.98","0.25%"
"02/13/2020","101.73","101.73","101.73","101.73","0.18%"
"02/12/2020","101.55","101.55","101.55","101.55","-0.14%"
"02/11/2020","101.69","101.69","101.69","101.69","-0.45%"
"02/10/2020","102.15","102.15","102.15","102.15","0.20%"
"02/07/2020","101.95","101.95","101.95","101.95","0.53%"
"02/06/2020","101.41","101.41","101.41","101.41","0.11%"
"02/05/2020","101.30","101.30","101.30","101.30","-0.23%"
"02/04/2020","101.53","101.53","101.53","101.53","-0.57%"
"02/03/2020","102.12","102.12","102.12","102.12","-0.33%"
"01/31/2020","102.45","102.45","102.45","102.45","0.56%"
"01/30/2020","101.88","101.88","101.88","101.88","0.11%"
"01/29/2020","101.77","101.77","101.77","101.77","0.63%"
"01/28/2020","101.13","101.13","101.13","101.13","-0.21%"
"01/27/2020","101.34","101.34","101.34","101.34","0.17%"
"01/24/2020","101.17","101.17","101.17","101.17","-1.05%"
"01/23/2020","102.25","102.25","102.25","102.25","0.30%"
"01/22/2020","101.95","101.95","101.95","101.95","-0.08%"
"01/21/2020","102.02","102.02","102.02","102.02","0.36%"
"01/17/2020","101.66","101.66","101.66","101.66","-0.11%"
"01/16/2020","101.77","101.77","101.77","101.77","-0.21%"
"01/15/2020","101.98","101.98","101.98","101.98","0.02%"
"01/14/2020","101.96","101.96","101.96","101.96","0.30%"
"01/13/2020","101.66","101.66","101.66","101.66","-0.06%"
"01/10/2020","101.72","101.72","101.72","101.72","0.27%"
"01/09/2020","101.45","101.45","101.45","101.45","0.16%"
"01/08/2020","101.28","101.28","101.28","101.28","-0.43%"
"01/07/2020","101.72","101.72","101.72","101.72","-0.11%"
"01/06/2020","101.83","101.83","101.83","101.83","-0.34%"
"01/03/2020","102.18","102.18","102.18","102.18","0.55%"
"01/02/2020","101.62","101.62","101.62","101.62","0.57%"
"12/31/2019","101.04","101.04","101.04","101.04","-0.01%"
"12/30/2019","101.05","101.05","101.05","101.05","0.06%"
"12/27/2019","100.98","100.98","100.98","100.98","0.00%"
"12/26/2019","100.98","100.98","100.98","100.98","0.02%"
"12/24/2019","100.96","100.96","100.96","100.96","0.21%"
"12/23/2019","100.75","100.75","100.75","100.75","-0.18%"
"12/20/2019","100.93","100.93","100.93","100.93","-0.09%"
"12/19/2019","101.02","101.02","101.02","101.02","0.14%"
"12/18/2019","100.88","100.88","100.88","100.88","-0.31%"
"12/17/2019","101.20","101.20","101.20","101.20","0.18%"
"12/16/2019","101.02","101.02","101.02","101.02","-0.28%"
"12/13/2019","101.30","101.30","101.30","101.30","0.56%"
"12/12/2019","100.73","100.73","100.73","100.73","-0.71%"
"12/11/2019","101.45","101.45","101.45","101.45","0.39%"
"12/10/2019","101.05","101.05","101.05","101.05","-0.09%"
"12/09/2019","101.15","101.15","101.15","101.15","0.09%"
"12/06/2019","101.05","101.05","101.05","101.05","-0.02%"
"12/05/2019","101.08","101.08","101.08","101.08","-0.22%"
"12/04/2019","101.30","101.30","101.30","101.30","-0.18%"
"12/03/2019","101.49","101.49","101.49","101.49","0.71%"
"12/02/2019","100.78","100.78","100.78","100.78","-0.08%"
"11/29/2019","100.86","100.86","100.86","100.86","-0.21%"
"11/27/2019","101.07","101.07","101.07","101.07","-0.19%"
"11/26/2019","101.26","101.26","101.26","101.26","0.08%"
"11/25/2019","101.17","101.17","101.17","101.17","0.22%"
"11/22/2019","100.95","100.95","100.95","100.95","0.03%"
"11/21/2019","100.92","100.92","100.92","100.92","-0.14%"
"11/20/2019","101.06","101.06","101.06","101.06","0.21%"
"11/19/2019","100.85","100.85","100.85","100.85","0.21%"
"11/18/2019","100.64","100.64","100.64","100.64","0.28%"
"11/15/2019","100.36","100.36","100.36","100.36","-0.19%"
"11/14/2019","100.55","100.55","100.55","100.55","0.34%"
"11/13/2019","100.20","100.20","100.20","100.20","0.08%"
"11/12/2019","100.13","100.13","100.13","100.13","-0.08%"
"11/08/2019","100.20","100.20","100.20","100.20","0.05%"
"11/07/2019","100.16","100.16","100.16","100.16","-0.79%"
"11/06/2019","100.95","100.95","100.95","100.95","0.36%"
"11/05/2019","100.59","100.59","100.59","100.59","-0.44%"
"11/04/2019","101.04","101.04","101.04","101.04","-0.15%"
"11/01/2019","101.20","101.20","101.20","101.20","0.19%"
"10/31/2019","101.00","101.00","101.00","101.00","0.44%"
"10/30/2019","100.55","100.55","100.55","100.55","0.37%"
"10/29/2019","100.19","100.19","100.19","100.19","-0.27%"
"10/28/2019","100.46","100.46","100.46","100.46","-0.53%"
"10/25/2019","101.00","101.00","101.00","101.00","0.05%"
"10/24/2019","100.95","100.95","100.95","100.95","0.04%"
"10/23/2019","100.91","100.91","100.91","100.91","0.06%"
"10/22/2019","100.84","100.84","100.84","100.84","0.33%"
"10/21/2019","100.52","100.52","100.52","100.52","-0.34%"
"10/18/2019","100.86","100.86","100.86","100.86","0.05%"
"10/17/2019","100.80","100.80","100.80","100.80","0.16%"
"10/16/2019","100.65","100.65","100.65","100.65","0.26%"
"10/15/2019","100.39","100.39","100.39","100.39","-0.29%"
"10/11/2019","100.69","100.69","100.69","100.69","-0.26%"
"10/10/2019","100.95","100.95","100.95","100.95","-0.45%"
"10/09/2019","101.41","101.41","101.41","101.41","-0.39%"
"10/08/2019","101.81","101.81","101.81","101.81","-0.06%"
"10/07/2019","101.88","101.88","101.88","101.88","-0.21%"
"10/04/2019","102.09","102.09","102.09","102.09","0.21%"
"10/03/2019","101.88","101.88","101.88","101.88","0.42%"
"10/02/2019","101.45","101.45","101.45","101.45","0.14%"
"10/01/2019","101.31","101.31","101.31","101.31","0.36%"
"09/30/2019","100.95","100.95","100.95","100.95","0.05%"
"09/27/2019","100.90","100.90","100.90","100.90","-0.25%"
"09/26/2019","101.16","101.16","101.16","101.16","0.09%"
"09/25/2019","101.06","101.06","101.06","101.06","-0.61%"
"09/24/2019","101.68","101.68","101.68","101.68","0.29%"
"09/23/2019","101.38","101.38","101.38","101.38","0.13%"
"09/20/2019","101.25","101.25","101.25","101.25","0.52%"
"09/19/2019","100.73","100.73","100.73","100.73","0.16%"
"09/18/2019","100.57","100.57","100.57","100.57","-0.37%"
"09/17/2019","100.95","100.95","100.95","100.95","0.22%"
"09/16/2019","100.73","100.73","100.73","100.73","0.55%"
"09/13/2019","100.18","100.18","100.18","100.18","-0.69%"
"09/12/2019","100.88","100.88","100.88","100.88","-0.08%"
"09/11/2019","100.95","100.95","100.95","100.95","-0.09%"
"09/10/2019","101.04","101.04","101.04","101.04","-0.69%"
"09/09/2019","101.74","101.74","101.74","101.74","-0.55%"
"09/06/2019","102.30","102.30","102.30","102.30","-0.05%"
"09/05/2019","102.35","102.35","102.35","102.35","-0.48%"
"09/04/2019","102.84","102.84","102.84","102.84","-0.03%"
"09/03/2019","102.88","102.88","102.88","102.88","0.03%"
"08/30/2019","102.84","102.84","102.84","102.84","-0.52%"
"08/29/2019","103.38","103.38","103.38","103.38","0.03%"
"08/28/2019","103.35","103.35","103.35","103.35","0.27%"
"08/27/2019","103.07","103.07","103.07","103.07","0.56%"
"08/26/2019","102.50","102.50","102.50","102.50","0.02%"
"08/23/2019","102.48","102.48","102.48","102.48","0.58%"
"08/22/2019","101.89","101.89","101.89","101.89","-0.05%"
"08/21/2019","101.95","101.95","101.95","101.95","-0.25%"
"08/20/2019","102.20","102.20","102.20","102.20","0.25%"
"08/19/2019","101.95","101.95","101.95","101.95","-0.34%"
"08/16/2019","102.30","102.30","102.30","102.30","-0.58%"
"08/15/2019","102.91","102.91","102.91","102.91","0.55%"
"08/14/2019","102.34","102.34","102.34","102.34","0.66%"
"08/13/2019","101.67","101.67","101.67","101.67","-0.44%"
"08/12/2019","102.12","102.12","102.12","102.12","0.56%"
"08/09/2019","101.55","101.55","101.55","101.55","-0.21%"
"08/08/2019","101.77","101.77","101.77","101.77","0.27%"
"08/07/2019","101.49","101.49","101.49","101.49","0.05%"
"08/06/2019","101.44","101.44","101.44","101.44","0.19%"
"08/05/2019","101.24","101.24","101.24","101.24","0.68%"
"08/02/2019","100.55","100.55","100.55","100.55","0.21%"
"08/01/2019","100.34","100.34","100.34","100.34","0.45%"
"07/31/2019","99.89","99.89","99.89","99.89","0.27%"
"07/30/2019","99.62","99.62","99.62","99.62","0.10%"
"07/29/2019","99.52","99.52","99.52","99.52","-0.02%"
"07/26/2019","99.53","99.53","99.53","99.53","-0.09%"
"07/25/2019","99.62","99.62","99.62","99.62","-0.25%"
"07/24/2019","99.87","99.87","99.87","99.87","0.11%"
"07/23/2019","99.76","99.76","99.76","99.76","-0.17%"
"07/22/2019","99.93","99.93","99.93","99.93","0.10%"
"07/19/2019","99.83","99.83","99.83","99.83","-5.61%"
"07/18/2019","105.76","105.76","105.76","105.76","0.27%"
"07/17/2019","105.47","105.47","105.47","105.47","0.18%"
"07/16/2019","105.28","105.28","105.28","105.28","-0.06%"
"07/15/2019","105.34","105.34","105.34","105.34","0.40%"
"07/12/2019","104.92","104.92","104.92","104.92","0.23%"
"07/11/2019","104.68","104.68","104.68","104.68","-0.49%"
"07/10/2019","105.20","105.20","105.20","105.20","0.25%"
"07/09/2019","104.93","104.93","104.93","104.93","-0.03%"
"07/08/2019","104.96","104.96","104.96","104.96","-0.01%"
"07/05/2019","104.98","104.98","104.98","104.98","-0.38%"
"07/03/2019","105.38","105.38","105.38","105.38","0.22%"
"07/02/2019","105.14","105.14","105.14","105.14","0.16%"
"07/01/2019","104.98","104.98","104.98","104.98","-0.32%"
"06/28/2019","105.31","105.31","105.31","105.31","0.14%"
"06/27/2019","105.16","105.16","105.16","105.16","0.14%"
"06/26/2019","105.02","105.02","105.02","105.02","-0.29%"
"06/25/2019","105.32","105.32","105.32","105.32","-0.05%"
"06/24/2019","105.38","105.38","105.38","105.38","0.24%"
"06/21/2019","105.13","105.13","105.13","105.13","-0.43%"
"06/20/2019","105.58","105.58","105.58","105.58","0.56%"
"06/19/2019","104.99","104.99","104.99","104.99","0.64%"
"06/18/2019","104.32","104.32","104.32","104.32","0.51%"
"06/17/2019","103.79","103.79","103.79","103.79","-0.21%"
"06/14/2019","104.01","104.01","104.01","104.01","-0.31%"
"06/13/2019","104.34","104.34","104.34","104.34","0.08%"
"06/12/2019","104.25","104.25","104.25","104.25","0.04%"
"06/11/2019","104.21","104.21","104.21","104.21","-0.08%"
"06/10/2019","104.30","104.30","104.30","104.30","-0.68%"
"06/07/2019","105.02","105.02","105.02","105.02","0.31%"
"06/06/2019","104.70","104.70","104.70","104.70","-0.01%"
"06/05/2019","104.71","104.71","104.71","104.71","-0.04%"
"06/04/2019","104.75","104.75","104.75","104.75","-0.20%"
"06/03/2019","104.96","104.96","104.96","104.96","0.46%"
"05/31/2019","104.48","104.48","104.48","104.48","0.75%"
"05/30/2019","103.71","103.71","103.71","103.71","0.32%"
"05/29/2019","103.38","103.38","103.38","103.38","0.23%"
"05/28/2019","103.14","103.14","103.14","103.14","0.16%"
"05/24/2019","102.98","102.98","102.98","102.98","0.11%"
"05/23/2019","102.86","102.86","102.86","102.86","0.15%"
"05/22/2019","102.70","102.70","102.70","102.70","0.05%"
"05/21/2019","102.65","102.65","102.65","102.65","0.08%"
"05/20/2019","102.57","102.57","102.57","102.57","-0.26%"
"05/17/2019","102.84","102.84","102.84","102.84","-0.21%"
"05/16/2019","103.05","103.05","103.05","103.05","-0.11%"
"05/15/2019","103.17","103.17","103.17","103.17","0.13%"
"05/14/2019","103.04","103.04","103.04","103.04","0.04%"
"05/13/2019","103.00","103.00","103.00","103.00","0.33%"
"05/10/2019","102.66","102.66","102.66","102.66","0.07%"
"05/09/2019","102.59","102.59","102.59","102.59","0.23%"
"05/08/2019","102.35","102.35","102.35","102.35","-0.42%"
"05/07/2019","102.78","102.78","102.78","102.78","0.14%"
"05/06/2019","102.64","102.64","102.64","102.64","0.26%"
"05/03/2019","102.38","102.38","102.38","102.38","0.29%"
"05/02/2019","102.08","102.08","102.08","102.08","-0.60%"
"05/01/2019","102.70","102.70","102.70","102.70","-0.30%"
"04/30/2019","103.00","103.00","103.00","103.00","0.11%"
"04/29/2019","102.88","102.88","102.88","102.88","-0.34%"
"04/26/2019","103.23","103.23","103.23","103.23","0.27%"
"04/25/2019","102.95","102.95","102.95","102.95","-0.04%"
"04/24/2019","102.99","102.99","102.99","102.99","0.48%"
"04/23/2019","102.50","102.50","102.50","102.50","0.24%"
"04/22/2019","102.25","102.25","102.25","102.25","-0.22%"
"04/18/2019","102.48","102.48","102.48","102.48","0.36%"
"04/17/2019","102.11","102.11","102.11","102.11","-0.09%"
"04/16/2019","102.20","102.20","102.20","102.20","-0.31%"
"04/15/2019","102.52","102.52","102.52","102.52","-0.05%"
"04/12/2019","102.58","102.58","102.58","102.58","-0.34%"
"04/11/2019","102.93","102.93","102.93","102.93","-0.30%"
"04/10/2019","103.23","103.23","103.23","103.23","0.56%"
"04/09/2019","102.66","102.66","102.66","102.66","0.06%"
"04/08/2019","102.60","102.60","102.60","102.60","-0.08%"
"04/05/2019","102.68","102.68","102.68","102.68","0.20%"
"04/04/2019","102.48","102.48","102.48","102.48","0.09%"
"04/03/2019","102.38","102.38","102.38","102.38","-0.46%"
"04/02/2019","102.86","102.86","102.86","102.86","0.24%"
"04/01/2019","102.62","102.62","102.62","102.62","-0.58%"
"03/29/2019","103.22","103.22","103.22","103.22","-0.02%"
"03/28/2019","103.23","103.23","103.23","103.23","0.20%"
"03/27/2019","103.02","103.02","103.02","103.02","0.11%"
"03/26/2019","102.91","102.91","102.91","102.91","-0.24%"
"03/25/2019","103.16","103.16","103.16","103.16","-0.04%"
"03/22/2019","103.20","103.20","103.20","103.20","0.41%"
"03/21/2019","102.78","102.78","102.78","102.78","-0.11%"
"03/20/2019","102.90","102.90","102.90","102.90","0.94%"
"03/19/2019","101.94","101.94","101.94","101.94","-0.20%"
"03/18/2019","102.14","102.14","102.14","102.14","0.02%"
"03/15/2019","102.13","102.13","102.13","102.13","0.42%"
"03/14/2019","101.70","101.70","101.70","101.70","0.10%"
"03/13/2019","101.59","101.59","101.59","101.59","-0.03%"
"03/12/2019","101.63","101.63","101.63","101.63","0.29%"
"03/11/2019","101.33","101.33","101.33","101.33","-0.02%"
"03/08/2019","101.34","101.34","101.34","101.34","0.05%"
"03/07/2019","101.29","101.29","101.29","101.29","0.45%"
"03/06/2019","100.84","100.84","100.84","100.84","0.12%"
"03/05/2019","100.71","100.71","100.71","100.71","-0.12%"
"03/04/2019","100.84","100.84","100.84","100.84","0.16%"
"03/01/2019","100.68","100.68","100.68","100.68","-0.26%"
"02/28/2019","100.94","100.94","100.94","100.94","-0.23%"
"02/27/2019","101.17","101.17","101.17","101.17","-0.31%"
"02/26/2019","101.48","101.48","101.48","101.48","0.22%"
"02/25/2019","101.26","101.26","101.26","101.26","-0.08%"
"02/22/2019","101.34","101.34","101.34","101.34","0.51%"
"02/21/2019","100.82","100.82","100.82","100.82","-0.27%"
"02/20/2019","101.09","101.09","101.09","101.09","0.02%"
"02/19/2019","101.07","101.07","101.07","101.07","0.38%"
"02/15/2019","100.69","100.69","100.69","100.69","-0.01%"
"02/14/2019","100.70","100.70","100.70","100.70","0.42%"
"02/13/2019","100.27","100.27","100.27","100.27","0.02%"
"02/12/2019","100.25","100.25","100.25","100.25","-0.14%"
"02/11/2019","100.39","100.39","100.39","100.39","-0.23%"
"02/08/2019","100.62","100.62","100.62","100.62","0.09%"
"02/07/2019","100.52","100.52","100.52","100.52","0.25%"
"02/06/2019","100.27","100.27","100.27","100.27","-0.10%"
"02/05/2019","100.38","100.38","100.38","100.38","0.24%"
"02/04/2019","100.13","100.13","100.13","100.13","-0.42%"
"02/01/2019","100.55","100.55","100.55","100.55","-0.39%"
"01/31/2019","100.95","100.95","100.95","100.95","0.74%"
"01/30/2019","100.20","100.20","100.20","100.20","0.82%"
"01/29/2019","99.39","99.39","99.39","99.39","0.35%"
"01/28/2019","99.04","99.04","99.04","99.04","0.02%"
"01/25/2019","99.02","99.02","99.02","99.02","-0.31%"
"01/24/2019","99.33","99.33","99.33","99.33","0.17%"
"01/23/2019","99.16","99.16","99.16","99.16","-0.18%"
"01/22/2019","99.34","99.34","99.34","99.34","0.22%"
"01/18/2019","99.12","99.12","99.12","99.12","0.79%"
"01/17/2019","98.34","98.34","98.34","98.34","-0.19%"
"01/16/2019","98.52","98.52","98.52","98.52","-0.06%"
"01/15/2019","98.59","98.59","98.59","98.59","-0.03%"
"01/14/2019","98.62","98.62","98.62","98.62","-0.28%"
"01/11/2019","98.90","98.90","98.90","98.90","0.55%"
"01/10/2019","98.36","98.36","98.36","98.36","-0.37%"
"01/09/2019","98.73","98.73","98.73","98.73","0.20%"
"01/08/2019","98.53","98.53","98.53","98.53","0.10%"
"01/07/2019","98.44","98.44","98.44","98.44","-0.10%"
"01/04/2019","98.53","98.53","98.53","98.53","-0.32%"
"01/03/2019","98.85","98.85","98.85","98.85","0.64%"
"01/02/2019","98.22","98.22","98.22","98.22","0.29%"
"12/31/2018","97.94","97.94","97.94","97.94","0.11%"
"12/28/2018","97.83","97.83","97.83","97.83","0.28%"
"12/27/2018","97.55","97.55","97.55","97.55","0.19%"
"12/26/2018","97.37","97.37","97.37","97.37","-0.44%"
"12/24/2018","97.80","97.80","97.80","97.80","0.35%"
"12/21/2018","97.45","97.45","97.45","97.45","0.01%"
"12/20/2018","97.45","97.45","97.45","97.45","-0.47%"
"12/19/2018","97.91","97.91","97.91","97.91","0.28%"
"12/18/2018","97.63","97.63","97.63","97.63","0.33%"
"12/17/2018","97.31","97.31","97.31","97.31","0.23%"
"12/14/2018","97.09","97.09","97.09","97.09","0.05%"
"12/13/2018","97.04","97.04","97.04","97.04","0.02%"
"12/12/2018","97.02","97.02","97.02","97.02","-0.21%"
"12/11/2018","97.22","97.22","97.22","97.22","-0.45%"
"12/10/2018","97.66","97.66","97.66","97.66","-0.41%"
"12/07/2018","98.06","98.06","98.06","98.06","0.26%"
"12/06/2018","97.81","97.81","97.81","97.81","-0.10%"
"12/04/2018","97.91","97.91","97.91","97.91","0.28%"
"12/03/2018","97.63","97.63","97.63","97.63","0.22%"
"11/30/2018","97.41","97.41","97.41","97.41","0.18%"
"11/29/2018","97.24","97.24","97.24","97.24","0.62%"
"11/28/2018","96.64","96.64","96.64","96.64","0.26%"
"11/27/2018","96.39","96.39","96.39","96.39","-0.36%"
"11/26/2018","96.74","96.74","96.74","96.74","-0.15%"
"11/23/2018","96.89","96.89","96.89","96.89","-0.05%"
"11/21/2018","96.94","96.94","96.94","96.94","0.06%"
"11/20/2018","96.88","96.88","96.88","96.88","-0.18%"
"11/19/2018","97.05","97.05","97.05","97.05","-0.23%"
"11/16/2018","97.28","97.28","97.28","97.28","0.55%"
"11/15/2018","96.75","96.75","96.75","96.75","0.18%"
"11/14/2018","96.58","96.58","96.58","96.58","-0.06%"
"11/13/2018","96.64","96.64","96.64","96.64","0.22%"
"11/09/2018","96.43","96.43","96.43","96.43","0.27%"
"11/08/2018","96.17","96.17","96.17","96.17","-0.08%"
"11/07/2018","96.25","96.25","96.25","96.25","0.02%"
"11/06/2018","96.23","96.23","96.23","96.23","-0.23%"
"11/05/2018","96.45","96.45","96.45","96.45","0.24%"
"11/02/2018","96.23","96.23","96.23","96.23","-0.49%"
"11/01/2018","96.70","96.70","96.70","96.70","-0.17%"
"10/31/2018","96.87","96.87","96.87","96.87","-0.23%"
"10/30/2018","97.09","97.09","97.09","97.09","-0.35%"
"10/29/2018","97.43","97.43","97.43","97.43","-0.13%"
"10/26/2018","97.55","97.55","97.55","97.55","0.62%"
"10/25/2018","96.95","96.95","96.95","96.95","-0.35%"
"10/24/2018","97.30","97.30","97.30","97.30","0.38%"
"10/23/2018","96.93","96.93","96.93","96.93","0.10%"
"10/22/2018","96.84","96.84","96.84","96.84","-0.08%"
"10/19/2018","96.91","96.91","96.91","96.91","-0.14%"
"10/18/2018","97.05","97.05","97.05","97.05","0.06%"
"10/17/2018","97.00","97.00","97.00","97.00","-0.34%"
"10/16/2018","97.33","97.33","97.33","97.33","-0.09%"
"10/15/2018","97.41","97.41","97.41","97.41","0.17%"
"10/12/2018","97.25","97.25","97.25","97.25","-0.20%"
"10/11/2018","97.45","97.45","97.45","97.45","-0.01%"
"10/10/2018","97.45","97.45","97.45","97.45","0.10%"
"10/09/2018","97.35","97.35","97.35","97.35","0.27%"
"10/05/2018","97.09","97.09","97.09","97.09","-0.32%"
"10/04/2018","97.40","97.40","97.40","97.40","-0.10%"
"10/03/2018","97.49","97.49","97.49","97.49","-0.83%"
"10/02/2018","98.30","98.30","98.30","98.30","0.17%"
"10/01/2018","98.14","98.14","98.14","98.14","-0.24%"
"09/28/2018","98.38","98.38","98.38","98.38","-0.12%"
"09/27/2018","98.49","98.49","98.49","98.49","-0.06%"
"09/26/2018","98.55","98.55","98.55","98.55","0.33%"
"09/25/2018","98.22","98.22","98.22","98.22","-0.06%"
"09/24/2018","98.27","98.27","98.27","98.27","-0.17%"
"09/21/2018","98.44","98.44","98.44","98.44","0.02%"
"09/20/2018","98.42","98.42","98.42","98.42","0.06%"
"09/19/2018","98.37","98.37","98.37","98.37","0.01%"
"09/18/2018","98.36","98.36","98.36","98.36","-0.32%"
"09/17/2018","98.67","98.67","98.67","98.67","0.03%"
"09/14/2018","98.64","98.64","98.64","98.64","-0.16%"
"09/13/2018","98.80","98.80","98.80","98.80","-0.28%"
"09/12/2018","99.08","99.08","99.08","99.08","0.15%"
"09/11/2018","98.93","98.93","98.93","98.93","-0.23%"
"09/10/2018","99.16","99.16","99.16","99.16","-0.02%"
"09/07/2018","99.18","99.18","99.18","99.18","-0.42%"
"09/06/2018","99.60","99.60","99.60","99.60","0.15%"
"09/05/2018","99.45","99.45","99.45","99.45","-0.08%"
"09/04/2018","99.53","99.53","99.53","99.53","-0.24%"
"08/31/2018","99.77","99.77","99.77","99.77","-0.13%"
"08/30/2018","99.91","99.91","99.91","99.91","0.12%"
"08/29/2018","99.79","99.79","99.79","99.79","-0.02%"
"08/28/2018","99.80","99.80","99.80","99.80","-0.30%"
"08/27/2018","100.11","100.11","100.11","100.11","-0.19%"
"08/24/2018","100.30","100.30","100.30","100.30","0.22%"
"08/23/2018","100.09","100.09","100.09","100.09","-0.02%"
"08/22/2018","100.11","100.11","100.11","100.11","0.23%"
"08/21/2018","99.88","99.88","99.88","99.88","-0.15%"
"08/20/2018","100.03","100.03","100.03","100.03","0.32%"
"08/17/2018","99.71","99.71","99.71","99.71","0.05%"
"08/16/2018","99.66","99.66","99.66","99.66","-0.04%"
"08/15/2018","99.70","99.70","99.70","99.70","0.23%"
"08/14/2018","99.48","99.48","99.48","99.48","-0.19%"
"08/13/2018","99.66","99.66","99.66","99.66","-0.08%"
"08/10/2018","99.74","99.74","99.74","99.74","0.44%"
"08/09/2018","99.30","99.30","99.30","99.30","0.17%"
"08/08/2018","99.13","99.13","99.13","99.13","0.07%"
"08/07/2018","99.06","99.06","99.06","99.06","-0.15%"
"08/06/2018","99.21","99.21","99.21","99.21","0.02%"
"08/03/2018","99.20","99.20","99.20","99.20","0.24%"
"08/02/2018","98.95","98.95","98.95","98.95","0.12%"
"08/01/2018","98.84","98.84","98.84","98.84","-0.32%"
"07/31/2018","99.16","99.16","99.16","99.16","0.08%"
"07/30/2018","99.08","99.08","99.08","99.08","-0.10%"
"07/27/2018","99.18","99.18","99.18","99.18","0.25%"
"07/26/2018","98.93","98.93","98.93","98.93","-0.15%"
"07/25/2018","99.08","99.08","99.08","99.08","-0.12%"
"07/24/2018","99.20","99.20","99.20","99.20","0.08%"
"07/23/2018","99.12","99.12","99.12","99.12","-0.57%"
"07/20/2018","99.69","99.69","99.69","99.69","2.17%"
"07/19/2018","97.57","97.57","97.57","97.57","0.24%"
"07/18/2018","97.34","97.34","97.34","97.34","-0.24%"
"07/17/2018","97.57","97.57","97.57","97.57","-0.13%"
"07/16/2018","97.70","97.70","97.70","97.70","-0.33%"
"07/13/2018","98.02","98.02","98.02","98.02","0.23%"
"07/12/2018","97.79","97.79","97.79","97.79","-0.14%"
"07/11/2018","97.92","97.92","97.92","97.92","0.15%"
"07/10/2018","97.77","97.77","97.77","97.77","-0.14%"
"07/09/2018","97.91","97.91","97.91","97.91","-0.31%"
"07/06/2018","98.22","98.22","98.22","98.22","0.06%"
"07/05/2018","98.16","98.16","98.16","98.16","0.05%"
"07/03/2018","98.11","98.11","98.11","98.11","0.30%"
"07/02/2018","97.82","97.82","97.82","97.82","0.03%"
"06/29/2018","97.79","97.79","97.79","97.79","-0.04%"
"06/28/2018","97.83","97.83","97.83","97.83","-0.19%"
"06/27/2018","98.02","98.02","98.02","98.02","0.35%"
"06/26/2018","97.67","97.67","97.67","97.67","0.15%"
"06/25/2018","97.52","97.52","97.52","97.52","-0.01%"
"06/22/2018","97.53","97.53","97.53","97.53","0.18%"
"06/21/2018","97.36","97.36","97.36","97.36","0.28%"
"06/20/2018","97.09","97.09","97.09","97.09","-0.37%"
"06/19/2018","97.45","97.45","97.45","97.45","0.10%"
"06/18/2018","97.34","97.34","97.34","97.34","0.10%"
"06/15/2018","97.25","97.25","97.25","97.25","0.12%"
"06/14/2018","97.13","97.13","97.13","97.13","0.33%"
"06/13/2018","96.81","96.81","96.81","96.81","-0.10%"
"06/12/2018","96.91","96.91","96.91","96.91","-0.14%"
"06/11/2018","97.05","97.05","97.05","97.05","0.07%"
"06/08/2018","96.98","96.98","96.98","96.98","-0.27%"
"06/07/2018","97.24","97.24","97.24","97.24","0.25%"
"06/06/2018","97.00","97.00","97.00","97.00","-0.25%"
"06/05/2018","97.24","97.24","97.24","97.24","0.23%"
"06/04/2018","97.02","97.02","97.02","97.02","-0.18%"
"06/01/2018","97.20","97.20","97.20","97.20","-0.18%"
"05/31/2018","97.38","97.38","97.38","97.38","0.09%"
"05/30/2018","97.29","97.29","97.29","97.29","-0.38%"
"05/29/2018","97.66","97.66","97.66","97.66","0.81%"
"05/25/2018","96.87","96.87","96.87","96.87","0.18%"
"05/24/2018","96.70","96.70","96.70","96.70","-0.01%"
"05/23/2018","96.70","96.70","96.70","96.70","0.46%"
"05/22/2018","96.26","96.26","96.26","96.26","-0.07%"
"05/21/2018","96.33","96.33","96.33","96.33","0.06%"
"05/18/2018","96.27","96.27","96.27","96.27","0.37%"
"05/17/2018","95.91","95.91","95.91","95.91","-0.21%"
"05/16/2018","96.12","96.12","96.12","96.12","-0.20%"
"05/15/2018","96.31","96.31","96.31","96.31","-0.44%"
"05/14/2018","96.73","96.73","96.73","96.73","-0.34%"